Time,X Desired,X Actual,Y Desired,Y Actual,Z Desired,Z Actual,Roll Desired,Roll Actual,Pitch Desired,Pitch Actual,Yaw Desired,Yaw Actual
0,0.0,0.0,0.0,0.0,5.0,5.0,0.0,0.0,0.0,0.0,0.0,0.0
0.009999999999999995,0.014999999999999993,7.585499652854536e-06,0.007499999999999996,8.43137488841922e-06,4.9925,5.000036401786965,0.0,6.473909269259876e-19,0.0,1.969026956098265e-18,0.0,-0.0003529469083165888
0.019999999999999934,0.029999999999999902,-0.00020777751028241599,0.014999999999999951,0.00010398174202846297,4.985,5.00015983061987,0.0,2.49444246203103e-18,0.0,8.046401275121316e-18,0.0,-0.000951613601303789
0.029999999999999874,0.04499999999999981,-0.0007168829262057136,0.022499999999999905,0.0003255980657561641,4.9775,5.000230165054773,0.0,5.316386744422308e-18,0.0,1.769511194375108e-17,0.0,-0.0015257799987565032
0.04000000000000012,0.06000000000000018,-0.0011727217656093184,0.03000000000000009,0.0006340163759862874,4.97,5.000140189800904,0.0,9.096251823403758e-18,0.0,3.045636757531237e-17,0.0,-0.002315116705182217
0.050000000000000405,0.07500000000000061,-0.0012770324691059394,0.037500000000000304,0.001172276091394557,4.9624999999999995,4.999990812522894,0.0,1.385973399189731e-17,0.0,4.670112112069726e-17,0.0,-0.002392343623382977
0.06000000000000069,0.09000000000000104,-0.0009536967040963924,0.04500000000000052,0.0019874187058363402,4.954999999999999,4.999654599445464,0.0,1.9466558649279487e-17,0.0,6.595394983466523e-17,0.0,-0.0013675442771933753
0.07000000000000098,0.10500000000000147,-0.0002116015588759842,0.052500000000000734,0.003040270796786069,4.947499999999999,4.999012833271604,0.0,2.5996500273714528e-17,0.0,8.76590286577624e-17,0.0,-4.019256738714173e-05
0.08000000000000126,0.1200000000000019,0.001002872738030955,0.06000000000000095,0.004495244637727203,4.939999999999999,4.998208037098895,0.0,3.358157265757564e-17,0.0,1.1223816972403248e-16,0.0,0.0004908560469404398
0.09000000000000155,0.13500000000000234,0.0028634185346685078,0.06750000000000117,0.0062829115280267295,4.932499999999999,4.997197041697191,0.0,4.206348663663598e-17,0.0,1.3938930772001788e-16,0.0,-0.00038608458455778014
0.10000000000000184,0.15000000000000274,0.005440790342823822,0.07500000000000137,0.008298998808322253,4.924999999999999,4.995973138408022,0.0,5.129946390997814e-17,0.0,1.6883294400114142e-16,0.0,-0.001893100062380916
0.11000000000000212,0.1650000000000032,0.008736449468779666,0.0825000000000016,0.010547343229388365,4.917499999999999,4.994545566132528,0.0,6.127550827108776e-17,0.0,2.0039483588070838e-16,0.0,-0.003915635170760847
0.12000000000000241,0.1800000000000036,0.012730659944666904,0.0900000000000018,0.013295067241014988,4.909999999999998,4.992962486411807,0.0,7.163535165632606e-17,0.0,2.339372172166137e-16,0.0,-0.00500685136260333
0.130000000000002,0.195000000000003,0.01748859887312093,0.0975000000000015,0.01650111503606477,4.902499999999998,4.9911386161770945,0.0,8.229488687759572e-17,0.0,2.6897066162203616e-16,0.0,-0.005772022111679936
0.1400000000000009,0.21000000000000135,0.022958305489946287,0.10500000000000068,0.019818419044529346,4.895,4.988932991258857,0.0,9.289166928046173e-17,0.0,3.0454790074171115e-16,0.0,-0.005824095010370428
0.1499999999999998,0.2249999999999997,0.028897435713208946,0.11249999999999985,0.023234745177498187,4.8875,4.986445088221379,0.0,1.0324563504225425e-16,0.0,3.406161572402144e-16,0.0,-0.004252636874541273
0.1599999999999987,0.23999999999999805,0.03528538045906452,0.11999999999999902,0.02654566856764004,4.880000000000001,4.983463649322298,0.0,1.129077631972978e-16,0.0,3.7600184190505137e-16,0.0,-0.0016255805816639407
0.1699999999999976,0.2549999999999964,0.04225685497208335,0.1274999999999982,0.029807330759193527,4.872500000000001,4.979894020103002,0.0,1.214538013125588e-16,0.0,4.096397259977725e-16,0.0,0.0030761248233643927
0.1799999999999965,0.26999999999999474,0.049745641795277164,0.13499999999999737,0.03306886099920775,4.865000000000003,4.976058443811252,0.0,1.291667802422066e-16,0.0,4.4235353896930327e-16,0.0,0.009755817452155053
0.1899999999999954,0.2849999999999931,0.057529838390214146,0.14249999999999655,0.03614952731252187,4.8575000000000035,4.971958842871238,0.0,1.3750093649011703e-16,0.0,4.743427863377767e-16,0.0,0.014500113347756808
0.1999999999999943,0.29999999999999144,0.06577294143373952,0.14999999999999572,0.039208342080722,4.850000000000004,4.96739414689211,0.0,1.47529093848897e-16,0.0,5.051700516709849e-16,0.0,0.013088623436315842
0.2099999999999932,0.3149999999999898,0.07443626502776017,0.1574999999999949,0.042532306013193515,4.842500000000005,4.962270294016179,0.0,1.5775160551695707e-16,0.0,5.34120392314361e-16,0.0,0.007969912177652682
0.2199999999999921,0.32999999999998814,0.0835116285345092,0.16499999999999407,0.0461455479754455,4.835000000000006,4.956927371227887,0.0,1.6710702407642624e-16,0.0,5.62075099150749e-16,0.0,0.0019350044002085748
0.229999999999991,0.3449999999999865,0.09300747406559193,0.17249999999999324,0.049837086190387736,4.827500000000007,4.951650002641448,0.0,1.749773490093438e-16,0.0,5.898773792649153e-16,0.0,-0.0027739727859694965
0.2399999999999899,0.35999999999998483,0.10285502508780268,0.17999999999999242,0.053365963625548705,4.820000000000007,4.946299112264745,0.0,1.8130215333758514e-16,0.0,6.167144650377667e-16,0.0,-0.005693944183989559
0.2499999999999888,0.3749999999999832,0.1129189417685074,0.1874999999999916,0.056952703639326016,4.812500000000008,4.940513411084344,0.0,1.8624329584546445e-16,0.0,6.412859827827948e-16,0.0,-0.007672789032026067
0.2599999999999877,0.38999999999998153,0.12324435556944707,0.19499999999999076,0.060917992190873634,4.8050000000000095,4.934327028530373,0.0,1.8878185679659457e-16,0.0,6.629429502529463e-16,0.0,-0.006510052576383423
0.2699999999999866,0.4049999999999799,0.13407118995068304,0.20249999999998994,0.06516511323264464,4.79750000000001,4.92781544723003,0.0,1.8890157539631429e-16,0.0,6.815881843777494e-16,0.0,-0.0012541781733999583
0.2799999999999855,0.4199999999999782,0.1452081173010136,0.2099999999999891,0.06983087945928551,4.790000000000011,4.920784336540353,0.0,1.8905046493377715e-16,0.0,6.969710276633222e-16,0.0,0.0038852163757091586
0.2899999999999844,0.43499999999997657,0.15642700678497123,0.21749999999998829,0.07490004099999081,4.782500000000011,4.913746960746858,0.0,1.9226872051831817e-16,0.0,7.119708786083191e-16,0.0,0.004516127471886837
0.2999999999999833,0.4499999999999749,0.1678248214294221,0.22499999999998746,0.08010632265559356,4.775000000000013,4.906836645932627,0.0,1.9483585001793313e-16,0.0,7.266397948278171e-16,0.0,0.0060505228769320634
0.3099999999999822,0.46499999999997327,0.17991110642199096,0.23249999999998663,0.08582367741120786,4.767500000000013,4.900091919398316,0.0,1.983511325672005e-16,0.0,7.413614873525948e-16,0.0,0.0066518663334176244
0.3199999999999811,0.4799999999999716,0.19237191121793215,0.2399999999999858,0.09215978057920454,4.760000000000014,4.893230946353556,0.0,2.0302668420760039e-16,0.0,7.557307686954274e-16,0.0,0.004219840232159763
0.32999999999998,0.49499999999996996,0.20467013927182695,0.24749999999998498,0.09823136194144616,4.752500000000015,4.886060472413785,0.0,2.063380655481951e-16,0.0,7.684720492324298e-16,0.0,0.0023499099318967866
0.3399999999999789,0.5099999999999683,0.2168367869337387,0.25499999999998413,0.10407981567622504,4.745000000000016,4.879005109919872,0.0,2.0978066695415833e-16,0.0,7.815084483828626e-16,0.0,-0.00034393195928021484
0.3499999999999778,0.5249999999999666,0.22891802237459563,0.2624999999999833,0.11025778554714083,4.737500000000017,4.871929676129898,0.0,2.1272541578996415e-16,0.0,7.942072428332166e-16,0.0,-0.0029556630605846127
0.35999999999997667,0.539999999999965,0.24114257366020056,0.2699999999999825,0.11681898654550764,4.730000000000017,4.864784983011364,0.0,2.134168071125493e-16,0.0,8.057849239083063e-16,0.0,-0.0027236980141134093
0.36999999999997557,0.5549999999999633,0.253674194810857,0.27749999999998165,0.1236839504324712,4.722500000000018,4.857707713400284,0.0,2.1332115871351893e-16,0.0,8.16777590251498e-16,0.0,-0.0007185682868160012
0.37999999999997447,0.5699999999999616,0.26590611950229237,0.2849999999999808,0.1304693469927152,4.715000000000019,4.850560816085451,0.0,2.166418325784795e-16,0.0,8.280719294637287e-16,0.0,-0.0036500778615818907
0.38999999999997337,0.58499999999996,0.27779589005570926,0.29249999999998,0.13717488609124295,4.70750000000002,4.843450059303674,0.0,2.2039620056061804e-16,0.0,8.3981462726671e-16,0.0,-0.008250693477068858
0.39999999999997227,0.5999999999999583,0.289962649179626,0.29999999999997917,0.14386222171083546,4.700000000000021,4.836609275853896,0.0,2.2090934879054875e-16,0.0,8.51569171966183e-16,0.0,-0.007863619433751596
0.40999999999997117,0.6149999999999567,0.3024925640968265,0.30749999999997835,0.15055432546337263,4.692500000000022,4.829764214113652,0.0,2.1874297642648457e-16,0.0,8.6201159879082e-16,0.0,-0.00283809808085636
0.41999999999997006,0.629999999999955,0.31547616915337223,0.3149999999999775,0.15729205131534332,4.685000000000023,4.82265298992535,0.0,2.1675717950492937e-16,0.0,8.708504765457529e-16,0.0,0.0025087367999206975
0.42999999999996896,0.6449999999999534,0.3285061439489316,0.3224999999999767,0.1642921374192416,4.677500000000023,4.815328598606592,0.0,2.144475386094305e-16,0.0,8.79083083416597e-16,0.0,0.006897539197855634
0.43999999999996786,0.6599999999999517,0.3415794312274998,0.32999999999997587,0.17145874988775342,4.670000000000024,4.807864562491906,0.0,2.1151285325761416e-16,0.0,8.868814346721513e-16,0.0,0.010787132758468461
0.44999999999996676,0.6749999999999501,0.3546521673782284,0.33749999999997504,0.17860049485696175,4.6625000000000245,4.800167618544024,0.0,2.10492157125297e-16,0.0,8.940262641401991e-16,0.0,0.01178856740021872
0.45999999999996566,0.6899999999999484,0.3679192519049281,0.3449999999999742,0.18578060807033617,4.655000000000026,4.792129438367971,0.0,2.111421554271979e-16,0.0,8.99803103866097e-16,0.0,0.01080763635986821
0.46999999999996456,0.7049999999999468,0.38176638084446923,0.3524999999999734,0.19266003912927274,4.647500000000027,4.784111201777976,0.0,2.1373329582849246e-16,0.0,9.05415865605218e-16,0.0,0.008492248202495658
0.47999999999996346,0.7199999999999451,0.39590016092409,0.35999999999997256,0.19930237233944748,4.640000000000027,4.776124333863843,0.0,2.183166554907039e-16,0.0,9.109048129883226e-16,0.0,0.005104114180836213
0.48999999999996235,0.7349999999999435,0.4098619194369709,0.36749999999997174,0.20588442438116208,4.632500000000029,4.768255866708464,0.0,2.2690850058751027e-16,0.0,9.168369991233599e-16,0.0,-0.0013154098055583642
0.49999999999996125,0.7499999999999418,0.42344475907922186,0.3749999999999709,0.21236022217696066,4.625000000000029,4.760435363995042,0.0,2.387414613003515e-16,0.0,9.22804500046806e-16,0.0,-0.009698062034255129
0.5099999999999602,0.7649999999999402,0.4370361995382727,0.3824999999999701,0.218716938846668,4.61750000000003,4.752516252171759,0.0,2.466991430200786e-16,0.0,9.272447730419638e-16,0.0,-0.013341264210310821
0.519999999999959,0.7799999999999385,0.450384447432681,0.38999999999996926,0.225099471318186,4.6100000000000305,4.745259744835128,0.0,2.520819376986274e-16,0.0,9.337686788398771e-16,0.0,-0.013815644238892854
0.529999999999958,0.7949999999999369,0.4634427400701584,0.39749999999996843,0.2318018119117839,4.602500000000031,4.738716070902919,0.0,2.5779441687171685e-16,0.0,9.433798095469507e-16,0.0,-0.014259705365344905
0.5399999999999568,0.8099999999999352,0.47706900549604825,0.4049999999999676,0.23885887492015512,4.595000000000033,4.73188546617762,0.0,2.61634482916679e-16,0.0,9.520525060177362e-16,0.0,-0.013564850963428415
0.5499999999999557,0.8249999999999336,0.49091598757277105,0.4124999999999668,0.2461330850383386,4.587500000000033,4.724646559367877,0.0,2.6062299526529273e-16,0.0,9.586725106299386e-16,0.0,-0.00915224615825071
0.5599999999999546,0.8399999999999319,0.504753893300126,0.41999999999996596,0.25329853371709704,4.580000000000034,4.717524836188931,0.0,2.557583455587784e-16,0.0,9.656322037186582e-16,0.0,-0.0024046583208105813
0.5699999999999535,0.8549999999999303,0.5187692405473832,0.42749999999996513,0.2601705215383525,4.572500000000035,4.710487223734885,0.0,2.531650814754593e-16,0.0,9.73951902595776e-16,0.0,0.0007123930637883543
0.5799999999999524,0.8699999999999286,0.5324170720503332,0.4349999999999643,0.26708638147289326,4.565000000000036,4.703736461942049,0.0,2.558848387648759e-16,0.0,9.843928926760295e-16,0.0,-0.001304014787014792
0.5899999999999513,0.884999999999927,0.545687307367442,0.4424999999999635,0.27414113847825133,4.5575000000000365,4.6977011056228966,0.0,2.63171329668719e-16,0.0,9.96766305063783e-16,0.0,-0.0027374990162366037
0.5999999999999502,0.8999999999999253,0.5588639580341609,0.44999999999996265,0.2812518830289166,4.550000000000037,4.691814070985716,0.0,2.7340468302187286e-16,0.0,1.0082837644417559e-15,0.0,-0.0012164208799570152
0.6099999999999491,0.9149999999999237,0.572479818428319,0.4574999999999618,0.28814815723829,4.542500000000038,4.685488151615625,0.0,2.8383638672515306e-16,0.0,1.0176349454309165e-15,0.0,0.0015831456856234007
0.619999999999948,0.929999999999922,0.5866026009922684,0.464999999999961,0.29498827443057024,4.535000000000039,4.679188717996953,0.0,2.935075309918241e-16,0.0,1.0274530402000948e-15,0.0,0.004151871543703934
0.6299999999999469,0.9449999999999203,0.60070289915969,0.4724999999999602,0.30245776763597443,4.52750000000004,4.672765635165869,0.0,2.9854971155618265e-16,0.0,1.0392571823471777e-15,0.0,0.0034767919139885558
0.6399999999999458,0.9599999999999187,0.6146630516689008,0.47999999999995935,0.30982603792953733,4.52000000000004,4.666214200517428,0.0,3.0223708453989854e-16,0.0,1.0512345589768936e-15,0.0,0.002261062426833396
0.6499999999999447,0.974999999999917,0.6283454272588765,0.4874999999999585,0.3167275945488842,4.512500000000042,4.659611905432221,0.0,3.0992798760616205e-16,0.0,1.060665793788282e-15,0.0,0.0046845299145729805
0.6599999999999436,0.9899999999999154,0.6415891884601642,0.4949999999999577,0.3235592640549069,4.5050000000000425,4.65297941296126,0.0,3.1699487368772127e-16,0.0,1.0701802949481136e-15,0.0,0.006891634037615968
0.6699999999999425,1.0049999999999137,0.6546375511555286,0.5024999999999569,0.3303106797803629,4.497500000000043,4.64667320056037,0.0,3.205656829163142e-16,0.0,1.0831265828538697e-15,0.0,0.006129896699667575
0.6799999999999414,1.019999999999912,0.6679017772042789,0.509999999999956,0.3367332826156204,4.490000000000044,4.640116853649543,0.0,3.247101121528254e-16,0.0,1.094547324810083e-15,0.0,0.006440852920062223
0.6899999999999403,1.0349999999999104,0.6813091813480755,0.5174999999999552,0.34287837599276627,4.482500000000044,4.633062446312038,0.0,3.309821293121387e-16,0.0,1.1022489922136515e-15,0.0,0.009230140143206132
0.6999999999999392,1.0499999999999088,0.6946077273025032,0.5249999999999544,0.34902877372456237,4.475000000000046,4.625461189702126,0.0,3.349470352768343e-16,0.0,1.108698883197339e-15,0.0,0.010630814620293845
0.7099999999999381,1.0649999999999071,0.7075929468638839,0.5324999999999536,0.3553978341616301,4.467500000000046,4.617159933910327,0.0,3.340079237656171e-16,0.0,1.1145235262310046e-15,0.0,0.008687660965203138
0.719999999999937,1.0799999999999055,0.7206542904331109,0.5399999999999527,0.36195464189095455,4.460000000000047,4.608766972795987,0.0,3.310924369438096e-16,0.0,1.1206136432078792e-15,0.0,0.005328617356067463
0.7299999999999359,1.0949999999999038,0.7343379022224139,0.5474999999999519,0.36817589861239597,4.4525000000000485,4.6000265773385065,0.0,3.284965020706236e-16,0.0,1.1247161376599261e-15,0.0,0.0026032570081807797
0.7399999999999348,1.1099999999999022,0.7484102034703473,0.5549999999999511,0.3740210147055486,4.445000000000049,4.590880198635028,0.0,3.235898852489764e-16,0.0,1.1281003755036753e-15,0.0,-0.0017691856833731857
0.7499999999999337,1.1249999999999005,0.7627738092131668,0.5624999999999503,0.37982359435773044,4.43750000000005,4.582380712857231,0.0,3.1846532644313546e-16,0.0,1.134372272756053e-15,0.0,-0.006805500184104322
0.7599999999999326,1.1399999999998989,0.7774253385107166,0.5699999999999494,0.3860641873749587,4.43000000000005,4.574420129703408,0.0,3.1914099048548405e-16,0.0,1.1394518770920898e-15,0.0,-0.007140844735059944
0.7699999999999315,1.1549999999998972,0.7920192319840463,0.5774999999999486,0.392717403847906,4.422500000000051,4.566566378949996,0.0,3.218012194757728e-16,0.0,1.1437327719547293e-15,0.0,-0.0058672944414904895
0.7799999999999304,1.1699999999998956,0.8067197933951166,0.5849999999999478,0.3986943684069326,4.415000000000052,4.558918487218768,0.0,3.1631798853232966e-16,0.0,1.1540551470595673e-15,0.0,-0.012002129068797537
0.7899999999999293,1.184999999999894,0.8217513385965245,0.592499999999947,0.40412960661313413,4.407500000000053,4.551468638616801,0.0,3.077873418260706e-16,0.0,1.1676783967456223e-15,0.0,-0.021104668902498343
0.7999999999999282,1.1999999999998923,0.836963605793843,0.5999999999999461,0.41004397659009145,4.400000000000054,4.544424348726356,0.0,3.0855019671654375e-16,0.0,1.177888074048603e-15,0.0,-0.02271257006537647
0.8099999999999271,1.2149999999998906,0.8518269782846761,0.6074999999999453,0.41627887163596217,4.392500000000055,4.53778766928098,0.0,3.176606036837286e-16,0.0,1.1832982453974536e-15,0.0,-0.015529925284694544
0.819999999999926,1.229999999999889,0.8661495013218198,0.6149999999999445,0.422600660387281,4.385000000000056,4.530861920061028,0.0,3.2700228286881005e-16,0.0,1.1850662037925658e-15,0.0,-0.005692418350807151
0.8299999999999249,1.2449999999998873,0.8801062989094242,0.6224999999999437,0.4290255153503555,4.377500000000056,4.523569055366935,0.0,3.323717660381586e-16,0.0,1.186499611029055e-15,0.0,0.0019119610620650462
0.8399999999999238,1.2599999999998857,0.8936664836363942,0.6299999999999428,0.43571688731426844,4.370000000000057,4.516201311550951,0.0,3.350188967833442e-16,0.0,1.1888386021763634e-15,0.0,0.007446493610510881
0.8499999999999227,1.274999999999884,0.9070450177734198,0.637499999999942,0.44250208232772037,4.3625000000000576,4.508932161231935,0.0,3.3585965565331026e-16,0.0,1.1928528859524676e-15,0.0,0.010991012860767937
0.8599999999999216,1.2899999999998824,0.9202686260902454,0.6449999999999412,0.44939896086022735,4.355000000000059,4.501906036221626,0.0,3.3652943566831534e-16,0.0,1.1984090672194703e-15,0.0,0.013780265162552431
0.8699999999999205,1.3049999999998807,0.9335830541393857,0.6524999999999403,0.45607464372003736,4.34750000000006,4.494513181873704,0.0,3.414645106150312e-16,0.0,1.198747665968863e-15,0.0,0.021614293952175026
0.8799999999999194,1.319999999999879,0.9466688229090818,0.6599999999999395,0.4626036630204503,4.34000000000006,4.486768113482787,0.0,3.435853162166843e-16,0.0,1.1984507238828066e-15,0.0,0.027873556107393067
0.8899999999999183,1.3349999999998774,0.9597445824100334,0.6674999999999387,0.46945670294802455,4.332500000000062,4.478960154799958,0.0,3.377704471091397e-16,0.0,1.2046057414561955e-15,0.0,0.0251870497189857
0.8999999999999172,1.3499999999998757,0.97345775485621,0.6749999999999379,0.47617212393369784,4.325000000000062,4.470751440604829,0.0,3.3014254215164545e-16,0.0,1.2120441922795707e-15,0.0,0.019039222652158683
0.9099999999999161,1.364999999999874,0.9869931680026175,0.682499999999937,0.4829013335528175,4.317500000000063,4.4620982681786465,0.0,3.216283008898515e-16,0.0,1.2197527365184995e-15,0.0,0.010451246347323202
0.919999999999915,1.3799999999998724,1.000413111669857,0.6899999999999362,0.4899655996788647,4.310000000000064,4.4536507969677706,0.0,3.115568991619119e-16,0.0,1.2314009438480304e-15,0.0,-0.0022872864388175907
0.9299999999999139,1.3949999999998708,1.0141076334511463,0.6974999999999354,0.4970992011420061,4.302500000000064,4.445360870776986,0.0,3.037445898429774e-16,0.0,1.2440032242486979e-15,0.0,-0.01496661178505819
0.9399999999999128,1.4099999999998691,1.0278430255363022,0.7049999999999346,0.5037816259010957,4.295000000000066,4.436989799135523,0.0,3.0051035325469387e-16,0.0,1.2539025722134542e-15,0.0,-0.023815423868697522
0.9499999999999117,1.4249999999998675,1.0418136844506183,0.7124999999999337,0.5103394384111641,4.287500000000066,4.429072419455336,0.0,3.0326148436075426e-16,0.0,1.2616355640253138e-15,0.0,-0.026916391122143023
0.9599999999999106,1.4399999999998658,1.0572996794230465,0.7199999999999329,0.5164532475378079,4.280000000000067,4.420890500112396,0.0,3.1650756194732655e-16,0.0,1.2625299216226924e-15,0.0,-0.02102104580131487
0.9699999999999095,1.4549999999998642,1.0735709774890794,0.7274999999999321,0.5219096924241862,4.272500000000068,4.4125722011935995,0.0,3.31114982950405e-16,0.0,1.2581028371093334e-15,0.0,-0.009984062724209817
0.9799999999999084,1.4699999999998625,1.0894736954917041,0.7349999999999313,0.5275393261649266,4.265000000000069,4.404798166896555,0.0,3.4211399377940363e-16,0.0,1.2552009254386698e-15,0.0,0.00015150784759644897
0.9899999999999073,1.4849999999998609,1.1053264985031988,0.7424999999999304,0.5341818694907486,4.25750000000007,4.397339498267401,0.0,3.461206974066275e-16,0.0,1.257288024045062e-15,0.0,0.004289132966913918
0.9999999999999062,1.4999999999998592,1.1208803992401761,0.7499999999999296,0.5418149821476542,4.25000000000007,4.390075976367583,0.0,3.469831704777651e-16,0.0,1.2629812471463793e-15,0.0,0.004750968452308368
1.0099999999999052,1.5149999999998578,1.1364620638897618,0.7574999999999289,0.5496520310280275,4.242500000000071,4.38240213621476,0.0,3.488370303957718e-16,0.0,1.266052041570719e-15,0.0,0.006779962584704763
1.019999999999904,1.5299999999998561,1.1519989622529068,0.7649999999999281,0.5573271729689155,4.235000000000072,4.374331448924235,0.0,3.5042406002550165e-16,0.0,1.2670058212201884e-15,0.0,0.009486005324973153
1.029999999999903,1.5449999999998545,1.1671379920434297,0.7724999999999272,0.5650361516595254,4.227500000000073,4.366701237838543,0.0,3.518460144480269e-16,0.0,1.2697978671543782e-15,0.0,0.011867480891207404
1.039999999999902,1.5599999999998528,1.1817438183466598,0.7799999999999264,0.5728023783628022,4.2200000000000735,4.3597976336978785,0.0,3.5433090227270355e-16,0.0,1.2750464594762602e-15,0.0,0.014996350263117148
1.0499999999999008,1.5749999999998512,1.1961642661683365,0.7874999999999256,0.5802392165334986,4.212500000000074,4.352745598976279,0.0,3.561528445807506e-16,0.0,1.279760579318547e-15,0.0,0.018086437809042545
1.0599999999998997,1.5899999999998495,1.210648723695978,0.7949999999999248,0.5878096363066121,4.205000000000076,4.345252428531983,0.0,3.4940101890194766e-16,0.0,1.2894070068073751e-15,0.0,0.012476908804240372
1.0699999999998986,1.6049999999998479,1.2250722073862335,0.8024999999999239,0.5958788606848736,4.197500000000076,4.337895370051603,0.0,3.2770008081749697e-16,0.0,1.3034245742587498e-15,0.0,-0.00022931369201979081
1.0799999999998975,1.6199999999998462,1.2396198673266385,0.8099999999999231,0.603713594406684,4.190000000000077,4.330647848287235,0.0,3.129866634764435e-16,0.0,1.3162609801923354e-15,0.0,-0.00931951914233065
1.0899999999998964,1.6349999999998446,1.2544624496617576,0.8174999999999223,0.6106939499442138,4.182500000000077,4.323047324793291,0.0,3.143473404567233e-16,0.0,1.325649270840414e-15,0.0,-0.01213662301143163
1.0999999999998953,1.649999999999843,1.2702186691646373,0.8249999999999215,0.6176198421657398,4.175000000000079,4.316059831153643,0.0,3.301766567535259e-16,0.0,1.3359122972543882e-15,0.0,-0.010090751151356452
1.1099999999998942,1.6649999999998413,1.2865322965052342,0.8324999999999206,0.6248324833737584,4.1675000000000795,4.309375120995765,0.0,3.583747144897461e-16,0.0,1.3462373655911785e-15,0.0,-0.003911271601557604
1.119999999999893,1.6799999999998396,1.3021948957370626,0.8399999999999198,0.6316806370675861,4.16000000000008,4.302270044472228,0.0,3.8683447277307194e-16,0.0,1.3544005059544688e-15,0.0,0.0026933850897486807
1.129999999999892,1.694999999999838,1.3170986251732695,0.847499999999919,0.638474863803239,4.152500000000081,4.295252325241118,0.0,4.1268627097753374e-16,0.0,1.362698823636998e-15,0.0,0.008629131075247598
1.1399999999998909,1.7099999999998363,1.331789942326662,0.8549999999999182,0.6456238097997464,4.145000000000082,4.288176633941333,0.0,4.3438897254639324e-16,0.0,1.3708608884175425e-15,0.0,0.013456517863684235
1.1499999999998898,1.7249999999998347,1.346295594865192,0.8624999999999173,0.6528242612770939,4.137500000000083,4.280884588132326,0.0,4.4229665688584015e-16,0.0,1.3795046388879856e-15,0.0,0.014092493005660855
1.1599999999998887,1.739999999999833,1.3607311331662768,0.8699999999999165,0.6599989117471443,4.130000000000083,4.273417345594511,0.0,4.3904629203683204e-16,0.0,1.388529884501502e-15,0.0,0.01142796741988737
1.1699999999998876,1.7549999999998314,1.375300725174077,0.8774999999999157,0.6670296561634115,4.122500000000084,4.265840738114631,0.0,4.245534012038245e-16,0.0,1.3981778091808366e-15,0.0,0.005412588474319717
1.1799999999998865,1.7699999999998297,1.3896093684831308,0.8849999999999149,0.6740197992241959,4.1150000000000855,4.258163896166756,0.0,4.0260596549686393e-16,0.0,1.4079798893584806e-15,0.0,-0.002725203932291295
1.1899999999998854,1.784999999999828,1.4035421779089343,0.892499999999914,0.6814775617622026,4.107500000000086,4.2504216916296915,0.0,3.8685062380010707e-16,0.0,1.4164761602182804e-15,0.0,-0.008553126623935424
1.1999999999998843,1.7999999999998264,1.4178033391053486,0.8999999999999132,0.6891910832030319,4.100000000000087,4.243022805034101,0.0,3.8026327468596556e-16,0.0,1.4252145129865062e-15,0.0,-0.011387479101995389
1.2099999999998832,1.8149999999998248,1.4323334623350479,0.9074999999999124,0.6968171513168647,4.092500000000087,4.235982048144624,0.0,3.7994787553722565e-16,0.0,1.4347589220460177e-15,0.0,-0.012274890766521012
1.219999999999882,1.829999999999823,1.4471468006594408,0.9149999999999116,0.7044210418209496,4.085000000000089,4.229389705741633,0.0,3.912911454602466e-16,0.0,1.445077045124998e-15,0.0,-0.009511615142000081
1.229999999999881,1.8449999999998214,1.4623634686488285,0.9224999999999107,0.7121877928804052,4.077500000000089,4.223254142353473,0.0,4.119125014780056e-16,0.0,1.45655309105516e-15,0.0,-0.00408116214978838
1.2399999999998799,1.8599999999998198,1.477457935142612,0.9299999999999099,0.7202694801156562,4.07000000000009,4.217184956630326,0.0,4.3247332097300697e-16,0.0,1.4683987252424335e-15,0.0,0.0010534868777663114
1.2499999999998788,1.8749999999998181,1.4924476105234326,0.9374999999999091,0.7282029314561099,4.062500000000091,4.211166518409232,0.0,4.47433527153055e-16,0.0,1.481245873492037e-15,0.0,0.004165852176666065
1.2599999999998777,1.8899999999998165,1.5076447695851614,0.9449999999999082,0.7358627762915558,4.055000000000092,4.204944582158714,0.0,4.592477355107258e-16,0.0,1.4938341873444728e-15,0.0,0.006327930681686971
1.2699999999998766,1.9049999999998148,1.522858803632971,0.9524999999999074,0.7433356770327039,4.047500000000093,4.198834158548068,0.0,4.645297846037029e-16,0.0,1.5077136419284061e-15,0.0,0.00630556930475757
1.2799999999998755,1.9199999999998132,1.5379225735179554,0.9599999999999066,0.7501016613082728,4.040000000000093,4.192694637445269,0.0,4.683401660439757e-16,0.0,1.521768493263624e-15,0.0,0.005935187600756249
1.2899999999998744,1.9349999999998115,1.5527363570017327,0.9674999999999058,0.7562069789554844,4.032500000000094,4.186276745079486,0.0,4.740809086980038e-16,0.0,1.5345547208144867e-15,0.0,0.006442068199822669
1.2999999999998733,1.9499999999998099,1.5672334830087575,0.9749999999999049,0.762270298894391,4.025000000000095,4.1796607105212,0.0,4.737221899432935e-16,0.0,1.5472082096283012e-15,0.0,0.005021602376952601
1.3099999999998722,1.9649999999998082,1.5814630210344005,0.9824999999999041,0.7685876854813719,4.017500000000096,4.1727281430889365,0.0,4.655114912363459e-16,0.0,1.5591502795189282e-15,0.0,0.0010453561148181293
1.319999999999871,1.9799999999998066,1.5954169734557693,0.9899999999999033,0.7750902138018902,4.010000000000097,4.16578702480019,0.0,4.591820195106272e-16,0.0,1.57019548346525e-15,0.0,-0.002175858688263656
1.32999999999987,1.994999999999805,1.6092068164891575,0.9974999999999025,0.7818008843392755,4.002500000000097,4.159023656664857,0.0,4.689417567733235e-16,0.0,1.5799005618636888e-15,0.0,0.00029377810872602614
1.3399999999998689,2.0099999999998035,1.6229127574510331,1.0049999999999017,0.7888538111716537,3.9950000000000983,4.152818542588617,0.0,4.860620163314208e-16,0.0,1.5916185999727293e-15,0.0,0.0051993501264671164
1.3499999999998678,2.0249999999998014,1.6363630511104412,1.0124999999999007,0.7964607602832264,3.9875000000000993,4.147240697093039,0.0,4.960061626041877e-16,0.0,1.6075470964357781e-15,0.0,0.007356326914153764
1.3599999999998666,2.0399999999998,1.6497516546489643,1.0199999999999,0.8043028881799942,3.9800000000001,4.141176460213165,0.0,5.000485108741936e-16,0.0,1.6226893912720304e-15,0.0,0.007597479739163907
1.3699999999998655,2.054999999999798,1.6633287197518005,1.027499999999899,0.8122356624028317,3.972500000000101,4.13427107332109,0.0,4.984556253758888e-16,0.0,1.6350226520013942e-15,0.0,0.006127919179242478
1.3799999999998644,2.069999999999797,1.67709890642809,1.0349999999998984,0.8200803091216385,3.9650000000001016,4.12666302571267,0.0,4.93646745555576e-16,0.0,1.644277267004476e-15,0.0,0.0038544931313293346
1.3899999999998633,2.084999999999795,1.6910123157971164,1.0424999999998974,0.8274052195126967,3.9575000000001026,4.118747629548831,0.0,4.820070522178275e-16,0.0,1.6523961318396681e-15,0.0,-0.0007401201229131483
1.3999999999998622,2.0999999999997936,1.7051520707287273,1.0499999999998968,0.8343080539932154,3.950000000000103,4.1109281424002795,0.0,4.748903485544814e-16,0.0,1.6593537698256637e-15,0.0,-0.0037533282164855463
1.4099999999998611,2.1149999999997915,1.7192930358101983,1.0574999999998957,0.8412473564897569,3.9425000000001043,4.1031161744266855,0.0,4.734868572982713e-16,0.0,1.665295503785967e-15,0.0,-0.004706864351457484
1.41999999999986,2.1299999999997903,1.733487699938143,1.0649999999998951,0.8481214326704353,3.935000000000105,4.095124172309884,0.0,4.654788064814555e-16,0.0,1.67103162754497e-15,0.0,-0.008010708583877221
1.429999999999859,2.144999999999788,1.7480950036792742,1.072499999999894,0.8547388779354104,3.927500000000106,4.087439851323513,0.0,4.642310496757009e-16,0.0,1.6768507521713847e-15,0.0,-0.009110971920689395
1.4399999999998578,2.159999999999787,1.7626058770774373,1.0799999999998935,0.8613804964999191,3.9200000000001065,4.079781607831405,0.0,4.737415679035342e-16,0.0,1.6816134681235712e-15,0.0,-0.006327051692621063
1.4499999999998567,2.174999999999785,1.7769046104216728,1.0874999999998924,0.8687381172328716,3.9125000000001076,4.071669219696397,0.0,4.853093891870654e-16,0.0,1.6844463036634072e-15,0.0,-0.002486504988051562
1.4599999999998556,2.1899999999997837,1.7912546386293373,1.0949999999998918,0.8766866435491607,3.905000000000108,4.063462145986378,0.0,4.893369910401043e-16,0.0,1.6880008971776376e-15,0.0,-0.001342676292166437
1.4699999999998545,2.2049999999997816,1.8054570633564078,1.1024999999998908,0.8845446449372204,3.897500000000109,4.055147601012676,0.0,4.781193186146803e-16,0.0,1.6928057243146875e-15,0.0,-0.005786715388013848
1.4799999999998534,2.2199999999997804,1.8196029374106713,1.1099999999998902,0.8929186156975859,3.89000000000011,4.046646887004006,0.0,4.655632802089312e-16,0.0,1.696232455683009e-15,0.0,-0.010672948318248953
1.4899999999998523,2.2349999999997783,1.833988230355182,1.1174999999998891,0.9014818605124825,3.882500000000111,4.037916841687172,0.0,4.669328044915523e-16,0.0,1.696570194049177e-15,0.0,-0.01030176769299973
1.4999999999998512,2.249999999999777,1.8485915692512551,1.1249999999998885,0.909850907745979,3.8750000000001115,4.0294427273344775,0.0,4.779952790449875e-16,0.0,1.6968690029358595e-15,0.0,-0.006474251089620655
1.5099999999998501,2.264999999999775,1.8629799792638848,1.1324999999998875,0.9179650193302797,3.8675000000001125,4.021355858344563,0.0,4.85928256206424e-16,0.0,1.6994762510116144e-15,0.0,-0.004037317862374072
1.519999999999849,2.2799999999997738,1.8772076226318557,1.1399999999998869,0.9254719277041895,3.860000000000113,4.013261706815639,0.0,4.910278157955138e-16,0.0,1.7026458260823735e-15,0.0,-0.002618120304462506
1.529999999999848,2.2949999999997717,1.8913686783036623,1.1474999999998858,0.9325533873061401,3.852500000000114,4.0052838352587,0.0,5.03351485743032e-16,0.0,1.7054580540325458e-15,0.0,0.001486301789038494
1.5399999999998468,2.3099999999997705,1.9054578484079445,1.1549999999998852,0.939601312828594,3.8450000000001148,3.996642119165916,0.0,5.142772923556442e-16,0.0,1.7062269367091814e-15,0.0,0.005451648094663226
1.5499999999998457,2.3249999999997684,1.9193428771298129,1.1624999999998842,0.9465209433163781,3.837500000000116,3.987486840478872,0.0,5.190021829409594e-16,0.0,1.7059458317176616e-15,0.0,0.006996892581850098
1.5599999999998446,2.339999999999767,1.9330535782311034,1.1699999999998836,0.9532325902669707,3.8300000000001164,3.978912582296473,0.0,5.235074233728792e-16,0.0,1.7075992699540898e-15,0.0,0.008397096223907177
1.5699999999998435,2.354999999999765,1.9463978601410707,1.1774999999998825,0.9595877605693605,3.8225000000001175,3.9703469294124196,0.0,5.27601834480061e-16,0.0,1.7089887084681382e-15,0.0,0.009821035769103504
1.5799999999998424,2.369999999999764,1.9594136829794861,1.184999999999882,0.9662164335967777,3.815000000000118,3.961738118234824,0.0,5.246107800331627e-16,0.0,1.7123540525593408e-15,0.0,0.007319413086969566
1.5899999999998413,2.3849999999997618,1.9727041935443623,1.1924999999998809,0.9732304937409149,3.807500000000119,3.953491275215101,0.0,5.227971561798684e-16,0.0,1.7162968710401575e-15,0.0,0.0056948347195800286
1.5999999999998402,2.3999999999997605,1.986072132135823,1.1999999999998803,0.9805647785783929,3.8000000000001197,3.9454255510089804,0.0,5.26879096875112e-16,0.0,1.718595966949098e-15,0.0,0.007577774248427991
1.6099999999998391,2.4149999999997585,1.9994243548478827,1.2074999999998792,0.9884083191894983,3.7925000000001208,3.937471374486272,0.0,5.258186741720725e-16,0.0,1.7232772670182937e-15,0.0,0.006327615411057322
1.619999999999838,2.4299999999997572,2.0134411089217785,1.2149999999998786,0.996402806962179,3.7850000000001214,3.9296522421063447,0.0,5.174592610507914e-16,0.0,1.7311970920654027e-15,0.0,0.0008165533743041108
1.629999999999837,2.444999999999755,2.0280378432050026,1.2224999999998776,1.004322625396435,3.7775000000001224,3.9218650102218007,0.0,5.08280010802989e-16,0.0,1.739394304260223e-15,0.0,-0.004919605923445051
1.6399999999998358,2.459999999999754,2.0427120360710354,1.229999999999877,1.01184021446279,3.770000000000123,3.91434509527893,0.0,5.04837297338642e-16,0.0,1.7467109634084977e-15,0.0,-0.007273494032982118
1.6499999999998347,2.474999999999752,2.0576733841698784,1.237499999999876,1.0192989706627515,3.762500000000124,3.9071177463434776,0.0,5.078810878238938e-16,0.0,1.7530998101136844e-15,0.0,-0.00602903670122864
1.6599999999998336,2.4899999999997506,2.072511656002785,1.2449999999998753,1.0269907038878512,3.7550000000001247,3.8998408268141462,0.0,5.136346331776799e-16,0.0,1.7585583488605816e-15,0.0,-0.0033749808586314967
1.6699999999998325,2.5049999999997485,2.086677304798431,1.2524999999998743,1.0350166143865498,3.7475000000001257,3.8926919325131033,0.0,5.143172763205775e-16,0.0,1.766886805779566e-15,0.0,-0.004180860008462229
1.6799999999998314,2.5199999999997473,2.100891880544922,1.2599999999998737,1.0428882158011066,3.7400000000001263,3.8853633649240003,0.0,5.086407517361526e-16,0.0,1.777098293593571e-15,0.0,-0.008759973564438354
1.6899999999998303,2.5349999999997452,2.115095796197678,1.2674999999998726,1.0507822890799534,3.7325000000001274,3.877643444966661,0.0,4.992850473865194e-16,0.0,1.7870703776851476e-15,0.0,-0.015467621705999681
1.6999999999998292,2.549999999999744,2.12922289486401,1.274999999999872,1.0586789578388898,3.725000000000128,3.8700348322082396,0.0,4.962035888600982e-16,0.0,1.7949458756773768e-15,0.0,-0.0182379123507886
1.709999999999828,2.564999999999742,2.1438233411742984,1.282499999999871,1.0655766547531083,3.717500000000129,3.8619404588696558,0.0,5.066458583706561e-16,0.0,1.795087155527213e-15,0.0,-0.011924017435246863
1.719999999999827,2.5799999999997407,2.158876386446473,1.2899999999998704,1.0725924863024294,3.7100000000001296,3.853354862250909,0.0,5.292260315965794e-16,0.0,1.7874434105692735e-15,0.0,0.0027682294870024883
1.729999999999826,2.5949999999997386,2.173730163603645,1.2974999999998693,1.0805956435722925,3.7025000000001307,3.845105986390632,0.0,5.536313276948617e-16,0.0,1.7797519007899277e-15,0.0,0.018591748070070736
1.7399999999998248,2.6099999999997374,2.1883493025172527,1.3049999999998687,1.0886394559040253,3.6950000000001313,3.8373504887097805,0.0,5.648266681698498e-16,0.0,1.779780936479503e-15,0.0,0.02507521898854226
1.7499999999998237,2.6249999999997353,2.203321748573709,1.3124999999998677,1.0962817453310918,3.6875000000001323,3.829257172084745,0.0,5.61224985016981e-16,0.0,1.784551021553199e-15,0.0,0.022415315749074592
1.7599999999998226,2.639999999999734,2.2185049394499585,1.319999999999867,1.1040041880427955,3.680000000000133,3.820121064663729,0.0,5.530849370047963e-16,0.0,1.7864896582589757e-15,0.0,0.01784068361358389
1.7699999999998215,2.654999999999732,2.2335342033776295,1.327499999999866,1.112008253281195,3.672500000000134,3.8105156794206745,0.0,5.449744520991185e-16,0.0,1.7862243805949546e-15,0.0,0.013797199617382707
1.7799999999998204,2.669999999999731,2.2487151337048576,1.3349999999998654,1.120203707621531,3.6650000000001346,3.8013446636143526,0.0,5.303381281559986e-16,0.0,1.7906628048547822e-15,0.0,0.0050448340472939186
1.7899999999998193,2.6849999999997287,2.2641666655708517,1.3424999999998644,1.1287495602079558,3.6575000000001356,3.793118694094537,0.0,5.205157056433028e-16,0.0,1.7973153926004695e-15,0.0,-0.0013554838495213038
1.7999999999998182,2.6999999999997275,2.27950409498153,1.3499999999998638,1.1373679706595825,3.6500000000001362,3.785289350499778,0.0,5.221388925186413e-16,0.0,1.801140935296149e-15,0.0,-0.0006864395751738971
1.809999999999817,2.7149999999997254,2.294339232251214,1.3574999999998627,1.1459113485973842,3.6425000000001373,3.777159421204474,0.0,5.295314929336041e-16,0.0,1.8012840654151767e-15,0.0,0.003918202813093822
1.819999999999816,2.729999999999724,2.3095875924923277,1.364999999999862,1.154973822710655,3.635000000000138,3.76718511882477,0.0,5.246656542581466e-16,0.0,1.798607855358725e-15,0.0,0.001818970256268487
1.8299999999998149,2.744999999999722,2.325826026445921,1.372499999999861,1.1640917506680655,3.627500000000139,3.7563526752456204,0.0,5.059078466048971e-16,0.0,1.797880258570892e-15,0.0,-0.008871215973163659
1.8399999999998138,2.759999999999721,2.3417421110540437,1.3799999999998604,1.1727895795474736,3.6200000000001396,3.746801170512031,0.0,4.94674166920211e-16,0.0,1.7995636708710887e-15,0.0,-0.015936513477399
1.8499999999998127,2.774999999999719,2.357227893620538,1.3874999999998594,1.1815062211542195,3.6125000000001406,3.7382552277030356,0.0,4.931499406677446e-16,0.0,1.801717901106096e-15,0.0,-0.01745668222076642
1.8599999999998116,2.7899999999997176,2.3728700561680887,1.3949999999998588,1.1903466863020027,3.605000000000141,3.7300066057162233,0.0,5.019866524668965e-16,0.0,1.800931035663881e-15,0.0,-0.012308053339731591
1.8699999999998105,2.8049999999997155,2.388708309962074,1.4024999999998577,1.1985525274677395,3.5975000000001423,3.7214617472776355,0.0,5.164039433603294e-16,0.0,1.7963938156529134e-15,0.0,-0.0032207773239676264
1.8799999999998094,2.8199999999997143,2.4044228833691443,1.4099999999998571,1.2058451776048078,3.590000000000143,3.7129553161571294,0.0,5.283953263612093e-16,0.0,1.7927640001817003e-15,0.0,0.004399269945251142
1.8899999999998083,2.834999999999712,2.4204474365364956,1.417499999999856,1.2123732897323525,3.582500000000144,3.7050633936365855,0.0,5.331117996527639e-16,0.0,1.7946569473199756e-15,0.0,0.007012755283371099
1.8999999999998072,2.849999999999711,2.43791537739528,1.4249999999998555,1.2189819600831635,3.5750000000001445,3.6974334158019024,0.0,5.410974402338522e-16,0.0,1.7962469977511785e-15,0.0,0.011723595661953285
1.909999999999806,2.864999999999709,2.455773289827133,1.4324999999998544,1.2263970169410525,3.5675000000001456,3.6901043243141385,0.0,5.532657596137682e-16,0.0,1.7970946250721604e-15,0.0,0.019163459909486782
1.919999999999805,2.8799999999997077,2.472763551741113,1.4399999999998538,1.2334963342035008,3.560000000000146,3.68285738172774,0.0,5.517091048209115e-16,0.0,1.804435774513685e-15,0.0,0.01762134901965344
1.9299999999998039,2.8949999999997056,2.488888714803021,1.4474999999998528,1.2400283031008448,3.552500000000147,3.6760883253048307,0.0,5.448619465901887e-16,0.0,1.8165611290051362e-15,0.0,0.01202460727117049
1.9399999999998028,2.9099999999997044,2.504492224608572,1.4549999999998522,1.2467613181380526,3.545000000000148,3.670088611859859,0.0,5.382834122216936e-16,0.0,1.8324143750065544e-15,0.0,0.0059289132202412324
1.9499999999998017,2.9249999999997023,2.5198761364734454,1.4624999999998511,1.254203865650754,3.537500000000149,3.663603115425479,0.0,5.234659656596701e-16,0.0,1.8502289301449724e-15,0.0,-0.00536903725972329
1.9599999999998006,2.939999999999701,2.5346299495101547,1.4699999999998505,1.2620695461262958,3.5300000000001495,3.6567888179773758,0.0,5.142132797720608e-16,0.0,1.8645125649124466e-15,0.0,-0.01273387718768766
1.9699999999997995,2.954999999999699,2.5487760071313637,1.4774999999998495,1.2699200323456574,3.5225000000001505,3.650007948190814,0.0,5.152115502722947e-16,0.0,1.8748206672758498e-15,0.0,-0.013236206758721062
1.9799999999997984,2.9699999999996978,2.5630758743931623,1.4849999999998489,1.2780094937009314,3.515000000000151,3.6434561390163926,0.0,5.150460493494621e-16,0.0,1.886948967593886e-15,0.0,-0.014744270453797757
1.9899999999997973,2.9849999999996957,2.5777443072143673,1.4924999999998478,1.286260413068917,3.507500000000152,3.6367940839682733,0.0,5.179634609736361e-16,0.0,1.897547434963395e-15,0.0,-0.014062761055154444
1.9999999999997962,2.9999999999996945,2.592445672387428,1.4999999999998472,1.294319567822839,3.5000000000001528,3.6297849478671425,0.0,5.273680921664443e-16,0.0,1.9032507613686876e-15,0.0,-0.00846053718491131
2.0099999999998173,3.0119999999997806,2.6067128462214617,1.5,1.3021129912555907,3.4960000000000733,3.622601580935526,0.0,5.335557086610821e-16,0.0,1.9092268374555886e-15,-0.006283185307064771,-0.004867774805822797
2.0199999999998384,3.023999999999806,2.6206100700918977,1.5,1.3096764304027775,3.492000000000065,3.6148677350304883,0.0,5.319770230544001e-16,0.0,1.9163562597341165e-15,-0.012566370614257616,-0.006358843377927568
2.0299999999998595,3.0359999999998313,2.63462326968137,1.5,1.3168778367984708,3.4880000000000564,3.607004758767407,0.0,5.274704511643976e-16,0.0,1.9246460047178392e-15,-0.01884955592145046,-0.010189671150038996
2.0399999999998806,3.0479999999998566,2.6491291537090285,1.5,1.3236685673101631,3.484000000000048,3.5988867914943263,0.0,5.240497608739671e-16,0.0,1.9316543100879447e-15,-0.025132741228643306,-0.013363561344603304
2.0499999999999017,3.059999999999882,2.6636997866495133,1.5,1.3304348167397753,3.4800000000000395,3.5904100951383118,0.0,5.18848147517783e-16,0.0,1.937128844320927e-15,-0.03141592653583615,-0.01672313829267097
2.059999999999923,3.0719999999999072,2.6777471260600776,1.5,1.3375616930849097,3.476000000000031,3.5825057480473643,0.0,5.053338020776022e-16,0.0,1.9460695744859697e-15,-0.037699111843029,-0.02327635396450471
2.069999999999944,3.0839999999999326,2.6913824439429126,1.5,1.3450785542742145,3.4720000000000226,3.5753699998427044,0.0,4.800929819425591e-16,0.0,1.9599329234777278e-15,-0.043982297150221845,-0.03444135658947978
2.079999999999965,3.095999999999958,2.704893794176443,1.5,1.3524207496830867,3.468000000000014,3.568289232728441,0.0,4.514223879987647e-16,0.0,1.974520156264887e-15,-0.0502654824574147,-0.046532454005767235
2.089999999999986,3.107999999999983,2.718473207678682,1.5,1.3590974856373335,3.4640000000000057,3.561444690589417,0.0,4.236726255033431e-16,0.0,1.989849011309268e-15,-0.05654866776460754,-0.05810436872583376
2.100000000000007,3.1200000000000085,2.732178167270685,1.5,1.365201445027904,3.4599999999999973,3.5544645334366596,0.0,4.0069848296210694e-16,0.0,2.0040908197674446e-15,-0.06283185307180039,-0.06736023830487133
2.1100000000000283,3.132000000000034,2.7460428244940194,1.5,1.3712370942583818,3.455999999999989,3.547323119076789,0.0,3.9022333872254266e-16,0.0,2.0159630284543994e-15,-0.06911503837899323,-0.07149638608167314
2.1200000000000494,3.144000000000059,2.7600969859664817,1.5,1.3775662012292944,3.4519999999999804,3.540351837498234,0.0,3.870824692175988e-16,0.0,2.0275183627739743e-15,-0.07539822368618608,-0.07292044413557677
2.1300000000000705,3.1560000000000845,2.7742091712997277,1.5,1.3839963035215603,3.447999999999972,3.533307525092272,0.0,3.841291233182445e-16,0.0,2.0386585792623608e-15,-0.08168140899337892,-0.07439263396682069
2.1400000000000916,3.16800000000011,2.7880967588092624,1.5,1.3900695471910978,3.4439999999999635,3.526460244090476,0.0,3.71442159456843e-16,0.0,2.0518361706909823e-15,-0.08796459430057177,-0.08000952635016671
2.1500000000001127,3.180000000000135,2.801688471791916,1.5,1.3954047782180201,3.439999999999955,3.5198482106161992,0.0,3.5275408076558213e-16,0.0,2.066818177395309e-15,-0.09424777960776462,-0.08810715910024661
2.160000000000134,3.1920000000001605,2.8150001401937508,1.5,1.4003306344535829,3.4359999999999467,3.5133847277081998,0.0,3.399353442185754e-16,0.0,2.081811828270238e-15,-0.10053096491495746,-0.0937786309723526
2.170000000000155,3.204000000000186,2.8285420107332673,1.5,1.4051209238331386,3.431999999999938,3.50692786016932,0.0,3.230080409125889e-16,0.0,2.0974869692925407e-15,-0.10681415022215031,-0.1011992042086631
2.180000000000176,3.216000000000211,2.84263519769541,1.5,1.4096044363042024,3.4279999999999298,3.5004038596477165,0.0,2.971169394026798e-16,0.0,2.114099972318244e-15,-0.11309733552934315,-0.11225691611116476
2.190000000000197,3.2280000000002365,2.8569234824915277,1.5,1.4137467196480156,3.4239999999999213,3.4941687990358306,0.0,2.759244489017396e-16,0.0,2.1315156492492095e-15,-0.119380520836536,-0.12128604143163994
2.2000000000002182,3.240000000000262,2.8710760166027507,1.5,1.4178824423192167,3.419999999999913,3.488136751592539,0.0,2.6065729350209186e-16,0.0,2.1494307939432705e-15,-0.12566370614372885,-0.12779137699706833
2.2100000000002393,3.252000000000287,2.8851702815424587,1.5,1.4220417836194068,3.4159999999999044,3.482265040274745,0.0,2.459708228214392e-16,0.0,2.1681967421262493e-15,-0.1319468914509217,-0.13418936367078696
2.2200000000002604,3.2640000000003124,2.8992536469802612,1.5,1.4259002861411476,3.411999999999896,3.4765057766627447,0.0,2.35703036642983e-16,0.0,2.1873358433075034e-15,-0.13823007675811452,-0.13878982753675492
2.2300000000002815,3.2760000000003378,2.913259797668473,1.5,1.4295482089497071,3.4079999999998876,3.470608101941418,0.0,2.2745197481492857e-16,0.0,2.2058868424533355e-15,-0.14451326206530737,-0.1425445690502743
2.2400000000003026,3.288000000000363,2.927329556476237,1.5,1.4333263565085834,3.403999999999879,3.4648281774090477,0.0,2.223504132458402e-16,0.0,2.224748463926795e-15,-0.15079644737250023,-0.14509084978972217
2.2500000000003237,3.3000000000003884,2.941717821018645,1.5,1.4375742789964152,3.3999999999998707,3.4591528858492193,0.0,2.2143163760194615e-16,0.0,2.2437532422221293e-15,-0.15707963267969308,-0.14604292355746298
2.260000000000345,3.3120000000004137,2.956404280772346,1.5,1.442348405185484,3.3959999999998622,3.453627117849253,0.0,2.2020696452700283e-16,0.0,2.2634129521434113e-15,-0.16336281798688593,-0.14742073017403007
2.270000000000366,3.324000000000439,2.9714396507094096,1.5,1.4469542346446453,3.391999999999854,3.4483858172618858,0.0,2.1191856657546506e-16,0.0,2.284981169799859e-15,-0.16964600329407875,-0.15221185381674873
2.280000000000387,3.3360000000004644,2.9862852954986248,1.5,1.4517942866954532,3.3879999999998454,3.4418558175561382,0.0,2.0453061183495028e-16,0.0,2.301653287737204e-15,-0.1759291886012716,-0.15572516914986653
2.290000000000408,3.3480000000004897,3.001164697413048,1.5,1.4570647415515563,3.383999999999837,3.43438730831439,0.0,1.9980754066722734e-16,0.0,2.313818894183768e-15,-0.18221237390846445,-0.15749254371038982
2.3000000000004293,3.360000000000515,3.016101260284669,1.5,1.461817825273711,3.3799999999998285,3.4271948833050843,0.0,1.8120068118524664e-16,0.0,2.3276668281940473e-15,-0.1884955592156573,-0.1656712579501347
2.3100000000004504,3.3720000000005403,3.0306757588035533,1.5,1.4657913465728483,3.37599999999982,3.4197303023519607,0.0,1.528093639964627e-16,0.0,2.340795224175419e-15,-0.19477874452285016,-0.17794204905547253
2.3200000000004715,3.3840000000005657,3.045286870253504,1.5,1.4692071618680032,3.3719999999998116,3.412309200939866,0.0,1.289443256505044e-16,0.0,2.3533660155705327e-15,-0.20106192983004298,-0.18788457070376086
2.3300000000004926,3.396000000000591,3.0597288878310764,1.5,1.4723818162976923,3.367999999999803,3.4051884440989952,0.0,1.0906013407000968e-16,0.0,2.3664282860667498e-15,-0.20734511513723583,-0.19606648250916317
2.3400000000005137,3.4080000000006163,3.0739921961377275,1.5,1.4753138106597912,3.3639999999997947,3.398299946996422,0.0,9.106127690372909e-17,0.0,2.380001269126114e-15,-0.21362830044442865,-0.20347793029238523
2.3500000000005348,3.4200000000006416,3.088470505672432,1.5,1.478091139740669,3.3599999999997863,3.3917052056365486,0.0,7.564878794803664e-17,0.0,2.394578208044993e-15,-0.2199114857516215,-0.20990370385669946
2.360000000000556,3.432000000000667,3.102946638772417,1.5,1.4808906899168155,3.355999999999778,3.3855333920721247,0.0,5.918331254265894e-17,0.0,2.410822446421375e-15,-0.22619467105881436,-0.2170638173690584
2.370000000000577,3.4440000000006923,3.117047826275641,1.5,1.4837330151833696,3.3519999999997694,3.379837707312671,0.0,4.3772793627897406e-17,0.0,2.4289984225067173e-15,-0.2324778563660072,-0.22394619757699033
2.380000000000598,3.4560000000007176,3.1308421692608586,1.5,1.4863316592469507,3.347999999999761,3.3746598493252846,0.0,2.8667623874791844e-17,0.0,2.4494525030091185e-15,-0.23876104167320006,-0.2308703852065501
2.390000000000619,3.468000000000743,3.1445792366705914,1.5,1.48874012405581,3.3439999999997525,3.369662182461033,0.0,1.656022162304377e-17,0.0,2.4709079515884157e-15,-0.24504422698039288,-0.23659451308606422
2.4000000000006403,3.4800000000007683,3.1583270157824197,1.5,1.4911455365144008,3.339999999999744,3.364855657500572,0.0,7.235678297869534e-18,0.0,2.4932868211704997e-15,-0.25132741228758576,-0.24177849821873196
2.4100000000006614,3.4920000000007936,3.171875518677324,1.5,1.493273158598278,3.3359999999997356,3.3604584213863493,0.0,1.2262608287351666e-18,0.0,2.5176338854482796e-15,-0.25761059759477856,-0.24632947727981896
2.4200000000006825,3.504000000000819,3.18534116093701,1.5,1.495290075983028,3.331999999999727,3.356269108223223,0.0,-8.54537837165487e-19,0.0,2.5433595001363282e-15,-0.2638937829019714,-0.2495592127803412
2.4300000000007036,3.5160000000008442,3.1989683501248822,1.5,1.4972008038295217,3.3279999999997187,3.352280638618953,0.0,-3.395653690574871e-18,0.0,2.57054338931821e-15,-0.27017696820916426,-0.2539212828233122
2.4400000000007247,3.5280000000008696,3.2126210488544493,1.5,1.4989276776518645,3.3239999999997103,3.348545135466751,0.0,-6.976808355831449e-18,0.0,2.599309993113603e-15,-0.2764601535163571,-0.25978712026867073
2.450000000000746,3.540000000000895,3.2262252572114565,1.5,1.500691400782903,3.319999999999702,3.3447940701509236,0.0,-1.4268254383862558e-17,0.0,2.628614855424144e-15,-0.28274333882354996,-0.2687049831251364
2.460000000000767,3.55200000000092,3.2396547880824462,1.5,1.5025115683647088,3.3159999999996934,3.3409032828808853,0.0,-2.1053217786787995e-17,0.0,2.657687248978178e-15,-0.2890265241307428,-0.278386741290706
2.470000000000788,3.5640000000009455,3.2529848068197014,1.5,1.504271835580421,3.311999999999685,3.33702805712992,0.0,-2.9191884228371113e-17,0.0,2.6871415135800088e-15,-0.29530970943793566,-0.2898396117458719
2.480000000000809,3.576000000000971,3.266372492226324,1.5,1.5057640348840884,3.3079999999996765,3.3330223096951674,0.0,-3.866197236973827e-17,0.0,2.7162849222095066e-15,-0.3015928947451285,-0.30322858359734906
2.49000000000083,3.588000000000996,3.279538141091511,1.5,1.5069052957500135,3.303999999999668,3.3289687096939025,0.0,-4.0571689850605106e-17,0.0,2.7454501271749077e-15,-0.30787608005232137,-0.3132145150380461
2.5000000000008513,3.6000000000010215,3.2925674226092774,1.5,1.5078175131156106,3.2999999999996597,3.3250573110846786,0.0,-3.535515936311357e-17,0.0,2.7756509841761885e-15,-0.3141592653595142,-0.3195505741377475
2.5100000000008724,3.612000000001047,3.305571223465832,1.5,1.508699229407462,3.295999999999651,3.32119686469196,0.0,-2.4473693205223414e-17,0.0,2.8068008390209215e-15,-0.320442450666707,-0.32341280755818763
2.5200000000008935,3.624000000001072,3.3183985695242426,1.5,1.5093205263364218,3.2919999999996428,3.3175591912718785,0.0,-1.9680430151937842e-18,0.0,2.8395397841391043e-15,-0.32672563597389986,-0.3236937840114665
2.5300000000009146,3.6360000000010975,3.331151411571048,1.5,1.5095164184737584,3.2879999999996343,3.3141816476748476,0.0,2.265616789392347e-17,0.0,2.8740421726634946e-15,-0.3330088212810927,-0.3230996115006144
2.5400000000009357,3.648000000001123,3.34405537819995,1.5,1.5096216960443067,3.283999999999626,3.3108159884635904,0.0,3.813551593254628e-17,0.0,2.9093415744416152e-15,-0.33929200658828557,-0.32454135151539026
2.550000000000957,3.660000000001148,3.3571232640343824,1.5,1.5099324262702467,3.2799999999996174,3.3075429065267348,0.0,3.8764052459196685e-17,0.0,2.945864023982316e-15,-0.3455751918954784,-0.32950804151807556
2.560000000000978,3.6720000000011734,3.370106230123605,1.5,1.5103723752239548,3.275999999999609,3.3041183256412983,0.0,2.9221332466399225e-17,0.0,2.982636963514826e-15,-0.35185837720267127,-0.33659316932574174
2.570000000000999,3.6840000000011988,3.3830183800384597,1.5,1.5109842957612412,3.2719999999996006,3.300275576721629,0.0,9.569216869211258e-18,0.0,3.0181732155845374e-15,-0.3581415625098641,-0.34571256106476617
2.58000000000102,3.696000000001224,3.3959103795051186,1.5,1.5118374563139363,3.267999999999592,3.2960819345004855,0.0,-1.865927196221264e-17,0.0,3.0522710615121363e-15,-0.36442474781705697,-0.3563685090864883
2.5900000000010412,3.7080000000012494,3.4085188809295306,1.5,1.5128377079442181,3.2639999999995837,3.2914868579729135,0.0,-4.444178108238832e-17,0.0,3.0844539021358976e-15,-0.3707079331242498,-0.3656285383287335
2.6000000000010624,3.7200000000012747,3.4211073577701985,1.5,1.5139308478057931,3.2599999999995752,3.28661481575897,0.0,-7.186554455222878e-17,0.0,3.114955580982743e-15,-0.3769911184314427,-0.3748151894101122
2.6100000000010835,3.7320000000013,3.4340433847914156,1.5,1.5150279981475272,3.255999999999567,3.2818877734505087,0.0,-1.0242356450431249e-16,0.0,3.1454061242455215e-15,-0.38327430373863547,-0.3844788290925503
2.6200000000011046,3.7440000000013254,3.4470947199362993,1.5,1.515974358082955,3.2519999999995584,3.2775278809411548,0.0,-1.2660457435220497e-16,0.0,3.177208359224729e-15,-0.3895574890458283,-0.3921942806510654
2.6300000000011257,3.7560000000013507,3.4602219908372116,1.5,1.5168838372816196,3.24799999999955,3.2733117417082926,0.0,-1.3603699485625405e-16,0.0,3.2102338377558735e-15,-0.39584067435302117,-0.39571785767751566
2.6400000000011468,3.768000000001376,3.473496457372875,1.5,1.5179978672629006,3.2439999999995415,3.2690936761772122,0.0,-1.370256654615754e-16,0.0,3.2435934537675386e-15,-0.402123859660214,-0.39688689720247755
2.650000000001168,3.7800000000014014,3.4866933393930273,1.5,1.5191971182037043,3.239999999999533,3.264955893213791,0.0,-1.428578209927785e-16,0.0,3.2771977767784483e-15,-0.4084070449674069,-0.3995475957275173
2.660000000001189,3.7920000000014267,3.4996452023180518,1.5,1.5202999083592945,3.2359999999995246,3.260826977329071,0.0,-1.5879900462348105e-16,0.0,3.310831073662e-15,-0.4146902302745997,-0.4051342469545566
2.67000000000121,3.804000000001452,3.5124479138691362,1.5,1.5211817673966999,3.231999999999516,3.2569444534290524,0.0,-1.7775893998587855e-16,0.0,3.3458848861684885e-15,-0.4209734155817926,-0.41161556371696845
2.680000000001231,3.8160000000014773,3.5254716589306914,1.5,1.5218953937824642,3.2279999999995077,3.2534581178934423,0.0,-1.9553919180716325e-16,0.0,3.383371935552105e-15,-0.4272566008889854,-0.417820101222669
2.6900000000012523,3.8280000000015026,3.538472691125681,1.5,1.522505311845314,3.2239999999994993,3.250148540780228,0.0,-2.1365833757882447e-16,0.0,3.4223526661516415e-15,-0.4335397861961783,-0.4243449159508757
2.7000000000012734,3.840000000001528,3.551334028889341,1.5,1.5229837599555685,3.219999999999491,3.2468394474455065,0.0,-2.301582238202115e-16,0.0,3.4622506069949212e-15,-0.43982297150337113,-0.43057031465780643
2.7100000000012945,3.8520000000015533,3.564131293111255,1.5,1.523194790706126,3.2159999999994824,3.24355798061387,0.0,-2.4836241672702125e-16,0.0,3.502937930044939e-15,-0.446106156810564,-0.43743983388143837
2.7200000000013156,3.8640000000015786,3.5768669906826305,1.5,1.5232070738865997,3.211999999999474,3.24027088879592,0.0,-2.728941585133173e-16,0.0,3.544063079498442e-15,-0.4523893421177568,-0.4464062207156369
2.7300000000013367,3.876000000001604,3.5897022470958477,1.5,1.5233426458155335,3.2079999999994655,3.236911024876783,0.0,-2.985341993366788e-16,0.0,3.585556763858552e-15,-0.4586725274249496,-0.4557891837266511
2.740000000001358,3.8880000000016293,3.602631337859509,1.5,1.5236384430557646,3.203999999999457,3.23354054444148,0.0,-3.1840963092717874e-16,0.0,3.6280500563148294e-15,-0.4649557127321425,-0.463381208616908
2.750000000001379,3.9000000000016546,3.6156329424745977,1.5,1.5239711508679021,3.1999999999994486,3.23016499565573,0.0,-3.2675309590419165e-16,0.0,3.6717316644286705e-15,-0.47123889803933533,-0.4673555718918284
2.7600000000014,3.91200000000168,3.628580632321442,1.5,1.5244400292180216,3.19599999999944,3.226758976651731,0.0,-3.3619597792201914e-16,0.0,3.71518225950791e-15,-0.4775220833465282,-0.4721211896461741
2.770000000001421,3.9240000000017052,3.6413923323574795,1.5,1.5250165659554527,3.1919999999994317,3.2233756708943604,0.0,-3.5507963700221704e-16,0.0,3.757551420660159e-15,-0.48380526865372103,-0.48016814024839133
2.780000000001442,3.9360000000017306,3.654042100280673,1.5,1.525425864411717,3.1879999999994233,3.220078745141864,0.0,-3.711471300790936e-16,0.0,3.800386231296341e-15,-0.4900884539609139,-0.48742158409206515
2.7900000000014633,3.948000000001756,3.6667610862109474,1.5,1.5255910065667828,3.183999999999415,3.2166084439673885,0.0,-3.783788707888636e-16,0.0,3.843584258125214e-15,-0.49637163926810673,-0.49231218182471687
2.8000000000014844,3.960000000001781,3.679726100109961,1.5,1.5256460272153118,3.1799999999994064,3.2128921032963538,0.0,-3.7731100197758764e-16,0.0,3.886709589300077e-15,-0.5026548245752995,-0.4949249871748902
2.8100000000015055,3.9720000000018065,3.6926494917054677,1.5,1.5255574862565984,3.175999999999398,3.209108864317139,0.0,-3.715258158898214e-16,0.0,3.929886204534139e-15,-0.5089380098824924,-0.4961987218058017
2.8200000000015266,3.984000000001832,3.705406980151153,1.5,1.5253508833207035,3.1719999999993895,3.20524228287459,0.0,-3.7046447709795013e-16,0.0,3.971693237373728e-15,-0.5152211951896852,-0.49858619507824753
2.8300000000015477,3.996000000001857,3.718223832905825,1.5,1.5250259134599136,3.167999999999381,3.201139402796155,0.0,-3.7310299703937755e-16,0.0,4.011427910112798e-15,-0.5215043804968781,-0.5018262723152002
2.840000000001569,4.008000000001882,3.7310723672551016,1.5,1.5245826470315165,3.1639999999993726,3.1969169984691708,0.0,-3.8288973789419295e-16,0.0,4.048792917361958e-15,-0.5277875658040709,-0.5069027882502334
2.85000000000159,4.020000000001907,3.743711925886262,1.5,1.5241472340060174,3.159999999999364,3.1926529234586627,0.0,-4.05399790460982e-16,0.0,4.082906466955215e-15,-0.5340707511112638,-0.5153813087466084
2.860000000001611,4.032000000001933,3.7562660673113903,1.5,1.5236322367029749,3.1559999999993558,3.188245897753955,0.0,-4.386677856399148e-16,0.0,4.1139147444242386e-15,-0.5403539364184566,-0.5263761946705556
2.870000000001632,4.044000000001958,3.768963604904217,1.5,1.523112461024398,3.1519999999993473,3.1839784322852984,0.0,-4.824459502197191e-16,0.0,4.143626305342945e-15,-0.5466371217256495,-0.5390001536389692
2.8800000000016532,4.056000000001983,3.7815119498363763,1.5,1.5227925899089958,3.147999999999339,3.1797364730495703,0.0,-5.211232412368184e-16,0.0,4.173048478742084e-15,-0.5529203070328423,-0.5500269364818896
2.8900000000016743,4.068000000002009,3.793917703170712,1.5,1.5225582041222554,3.1439999999993304,3.175301330029458,0.0,-5.496844355815757e-16,0.0,4.2020068542031586e-15,-0.5592034923400352,-0.558624551582551
2.9000000000016954,4.080000000002034,3.8065768163092226,1.5,1.5222095522918102,3.139999999999322,3.170812338686513,0.0,-5.821986536104892e-16,0.0,4.229788628564285e-15,-0.565486677647228,-0.5678982846684403
2.9100000000017165,4.092000000002059,3.8195711001366726,1.5,1.5217447034207967,3.1359999999993136,3.166115590510921,0.0,-6.0839186322193875e-16,0.0,4.25665387226613e-15,-0.5717698629544209,-0.5755962598674527
2.9200000000017377,4.104000000002085,3.832617676748996,1.5,1.5213061853407233,3.131999999999305,3.161252874348775,0.0,-6.125625837610851e-16,0.0,4.2846990301552555e-15,-0.5780530482616137,-0.5783218010621799
2.9300000000017588,4.11600000000211,3.8454695355972124,1.5,1.5208984261652145,3.1279999999992967,3.1563929186566155,0.0,-6.07823890033068e-16,0.0,4.3133441272267264e-15,-0.5843362335688066,-0.5790332141290744
2.94000000000178,4.128000000002135,3.8580166670037617,1.5,1.5204501100300356,3.1239999999992882,3.1514359348295744,0.0,-6.11174399721934e-16,0.0,4.340446156086353e-15,-0.5906194188759994,-0.581401898709534
2.950000000001801,4.140000000002161,3.8702919564142375,1.5,1.5199621222973219,3.11999999999928,3.146616853084263,0.0,-6.321875407356469e-16,0.0,4.365614033960289e-15,-0.5969026041831923,-0.5875971649591895
2.960000000001822,4.152000000002186,3.8824914140879208,1.5,1.5194292575797683,3.1159999999992714,3.1421755837394194,0.0,-6.632312900777409e-16,0.0,4.390587346503651e-15,-0.6031857894903851,-0.5959846609419917
2.970000000001843,4.164000000002211,3.894622124831651,1.5,1.5190364080990548,3.111999999999263,3.1379059372529317,0.0,-6.932991038838905e-16,0.0,4.416046008929909e-15,-0.6094689747975779,-0.6041172757946196
2.9800000000018643,4.176000000002237,3.906901633512212,1.5,1.518988004723041,3.1079999999992545,3.133385142175093,0.0,-7.101508548394065e-16,0.0,4.442124617213142e-15,-0.6157521601047707,-0.6091700385266913
2.9900000000018854,4.188000000002262,3.9195852627998233,1.5,1.5190941209987616,3.103999999999246,3.128594361742706,0.0,-7.19462679873262e-16,0.0,4.4678802776458145e-15,-0.6220353454119636,-0.6124836721077451
3.0000000000019065,4.200000000002287,3.932458587614932,1.5,1.518944685918277,3.0999999999992376,3.12380999913364,0.0,-7.38956374733397e-16,0.0,4.4920363709086985e-15,-0.6283185307191564,-0.6181816210316613
3.0100000000019276,4.212000000002313,3.945349726810469,1.5,1.518605074242692,3.095999999999229,3.1190349781010016,0.0,-7.577247433145902e-16,0.0,4.516285709459486e-15,-0.6346017160263493,-0.6237984061357783
3.0200000000019487,4.224000000002338,3.9582961151615277,1.5,1.5181455152389203,3.0919999999992207,3.1142337796478503,0.0,-7.713887500282698e-16,0.0,4.541156920290702e-15,-0.6408849013335421,-0.6283112323691692
3.03000000000197,4.236000000002363,3.971418076933876,1.5,1.5175626087881708,3.0879999999992123,3.1095800007974224,0.0,-7.920185551724898e-16,0.0,4.565537960965763e-15,-0.647168086640735,-0.6345844824173205
3.040000000001991,4.2480000000023885,3.9845556101928716,1.5,1.5168828795529692,3.083999999999204,3.1052453295262117,0.0,-8.240974995406589e-16,0.0,4.58963758972736e-15,-0.6534512719479278,-0.643725497837594
3.050000000002012,4.260000000002414,3.9974571850576646,1.5,1.516126044712676,3.0799999999991954,3.101097211852722,0.0,-8.649009971735799e-16,0.0,4.613241337795188e-15,-0.6597344572551207,-0.6544668555125733
3.060000000002033,4.272000000002439,4.010115915513381,1.5,1.5153126571730289,3.075999999999187,3.0970388195021172,0.0,-9.08069669066652e-16,0.0,4.637411411248525e-15,-0.6660176425623135,-0.6651467059957407
3.070000000002054,4.2840000000024645,4.022644008076374,1.5,1.5143979521923803,3.0719999999991785,3.0930272394018865,0.0,-9.466658524508197e-16,0.0,4.663468610722809e-15,-0.6723008278695064,-0.6744955054657285
3.0800000000020753,4.29600000000249,4.035088381850875,1.5,1.5133355229297163,3.06799999999917,3.089102875447444,0.0,-9.73644786524963e-16,0.0,4.692767758674257e-15,-0.6785840131766993,-0.6813337495077968
3.0900000000020964,4.308000000002515,4.047498592504777,1.5,1.5122808612809933,3.0639999999991616,3.0853001076722246,0.0,-9.834577956032936e-16,0.0,4.726284271690037e-15,-0.6848671984838921,-0.6847765467516176
3.1000000000021175,4.3200000000025405,4.060201901681946,1.5,1.511179413472914,3.059999999999153,3.0814023752399398,0.0,-9.770163219846783e-16,0.0,4.762648457559297e-15,-0.691150383791085,-0.685132358117451
3.1100000000021386,4.332000000002566,4.073347372597041,1.5,1.5100163087103926,3.0559999999991447,3.0773649437793322,0.0,-9.685980511832357e-16,0.0,4.798896559442373e-15,-0.6974335690982778,-0.6850569710536328
3.1200000000021597,4.344000000002591,4.086567572572665,1.5,1.5088184770773776,3.0519999999991363,3.0733702706722776,0.0,-9.753929637904472e-16,0.0,4.832247806647581e-15,-0.7037167544054707,-0.6878861558456489
3.130000000002181,4.3560000000026164,4.099550289843133,1.5,1.5075880391393013,3.047999999999128,3.069573307453244,0.0,-9.928159360754296e-16,0.0,4.8642550587755175e-15,-0.7099999397126635,-0.6927629683253129
3.140000000002202,4.368000000002642,4.112392110322216,1.5,1.50617848926548,3.0439999999991194,3.0660884325588045,0.0,-1.0086283205592137e-15,0.0,4.8981286885927234e-15,-0.7162831250198564,-0.6973574054405549
3.150000000002223,4.380000000002667,4.124889201271825,1.5,1.5044357655830485,3.039999999999111,3.0624106104103177,0.0,-1.0374056729408015e-15,0.0,4.929038549121946e-15,-0.7225663103270492,-0.7044485076924168
3.160000000002244,4.392000000002692,4.137241203260435,1.5,1.5027816299461405,3.0359999999991025,3.058540446118703,0.0,-1.0868700413200832e-15,0.0,4.954737928566538e-15,-0.7288494956342421,-0.7155151816953965
3.1700000000022652,4.404000000002718,4.149686256572804,1.5,1.5013215837346412,3.031999999999094,3.054954911169804,0.0,-1.139574497373987e-15,0.0,4.9810923607256954e-15,-0.7351326809414348,-0.727131783682996
3.1800000000022863,4.416000000002743,4.1619138084357665,1.5,1.5001055773494298,3.0279999999990856,3.051385831267884,0.0,-1.1888442686167918e-15,0.0,5.00896860698355e-15,-0.7414158662486277,-0.7379030495137197
3.1900000000023074,4.428000000002768,4.174023999265653,1.5,1.4990373985760268,3.023999999999077,3.047711984681252,0.0,-1.2325399974469447e-15,0.0,5.037974786870132e-15,-0.7476990515558205,-0.7474474943076601
3.2000000000023285,4.440000000002794,4.186186799692061,1.5,1.4977738004875631,3.0199999999990688,3.044147045130313,0.0,-1.2655361370909772e-15,0.0,5.0701057673108e-15,-0.7539822368630134,-0.7548216207466654
3.2100000000023496,4.452000000002819,4.198316904347666,1.5,1.496305774228039,3.0159999999990603,3.040566967782429,0.0,-1.2885924372846477e-15,0.0,5.10493202830373e-15,-0.7602654221702062,-0.7601437333447001
3.2200000000023707,4.464000000002844,4.210539190615189,1.5,1.495012675858634,3.011999999999052,3.036891765226636,0.0,-1.3029271227132182e-15,0.0,5.1417897105689805e-15,-0.7665486074773991,-0.7636591438459591
3.230000000002392,4.47600000000287,4.222873759378967,1.5,1.4940422446438504,3.0079999999990434,3.033154320881383,0.0,-1.3143223857175431e-15,0.0,5.179222497689523e-15,-0.7728317927845919,-0.7666017557126024
3.240000000002413,4.488000000002895,4.235163164074397,1.5,1.4931719126252059,3.003999999999035,3.0294442601674927,0.0,-1.3294212059623628e-15,0.0,5.21519094342795e-15,-0.7791149780917848,-0.7705331422707021
3.250000000002434,4.500000000002921,4.247380571788157,1.5,1.4924069306583183,2.9999999999990266,3.0258363882851134,0.0,-1.3566806776723287e-15,0.0,5.247769690883277e-15,-0.7853981633989777,-0.7772540884423316
3.260000000002455,4.5120000000029465,4.259481554280548,1.5,1.4916930997456164,2.995999999999018,3.0221823217415262,0.0,-1.3950598834911202e-15,0.0,5.276721788099108e-15,-0.7916813487061706,-0.7865463787528463
3.2700000000024763,4.524000000002972,4.271416894437404,1.5,1.4907630445754378,2.9919999999990097,3.0185994935726335,0.0,-1.4302456662387297e-15,0.0,5.305944944351086e-15,-0.7979645340133634,-0.7954808919595872
3.2800000000024974,4.536000000002997,4.283363871316819,1.5,1.4895849205555876,2.9879999999990012,3.0152689564378594,0.0,-1.4529396132650436e-15,0.0,5.339310005524159e-15,-0.8042477193205563,-0.8019887785331478
3.2900000000025185,4.5480000000030225,4.295533932416811,1.5,1.488147481614701,2.983999999998993,3.011984089982777,0.0,-1.4672872963158919e-15,0.0,5.375421623391087e-15,-0.8105309046277491,-0.8068233836033929
3.3000000000025396,4.560000000003048,4.307718582686173,1.5,1.486579260514638,2.9799999999989844,3.0085116300389267,0.0,-1.484105994272721e-15,0.0,5.410202393132289e-15,-0.816814089934942,-0.8119870706702753
3.3100000000025607,4.572000000003073,4.319649354589864,1.5,1.4851521880781047,2.975999999998976,3.0046184608595228,0.0,-1.502590181522133e-15,0.0,5.442851787270839e-15,-0.8230972752421348,-0.8172120893854415
3.3200000000025818,4.5840000000030985,4.331535177133856,1.5,1.4838014287500503,2.9719999999989675,3.0005124577948155,0.0,-1.5177576901733546e-15,0.0,5.475174137769478e-15,-0.8293804605493277,-0.8216834782667765
3.330000000002603,4.596000000003124,4.343360659820723,1.5,1.482544340174321,2.967999999998959,2.996479787453222,0.0,-1.5402157204608543e-15,0.0,5.505201938379919e-15,-0.8356636458565204,-0.8273472701959063
3.340000000002624,4.608000000003149,4.354798596226788,1.5,1.4811878340560014,2.9639999999989506,2.9924074676156596,0.0,-1.5765592457724233e-15,0.0,5.530514217229612e-15,-0.8419468311637133,-0.8354643312226613
3.350000000002645,4.6200000000031745,4.366051376833337,1.5,1.4798810016661292,2.959999999998942,2.988348520110948,0.0,-1.6150977774239851e-15,0.0,5.554655836568879e-15,-0.8482300164709061,-0.8439632281068481
3.360000000002666,4.6320000000032,4.377419910297223,1.5,1.4789020969454492,2.9559999999989337,2.9844218801815163,0.0,-1.64767682016273e-15,0.0,5.580605109695537e-15,-0.854513201778099,-0.8514234376880054
3.3700000000026873,4.644000000003225,4.388852205698429,1.5,1.4780129419202974,2.9519999999989253,2.9808043083640765,0.0,-1.6788983968461499e-15,0.0,5.607893985723333e-15,-0.8607963870852918,-0.8587063169051503
3.3800000000027084,4.65600000000325,4.400280057081942,1.5,1.477111752096154,2.947999999998917,2.97729170272422,0.0,-1.7067328785754808e-15,0.0,5.636633282661674e-15,-0.8670795723924847,-0.8654557974995515
3.3900000000027295,4.668000000003276,4.411870833584273,1.5,1.4761275895851953,2.9439999999989084,2.9737256306229214,0.0,-1.735016392986324e-15,0.0,5.6648571959002394e-15,-0.8733627576996775,-0.8723333666214756
3.4000000000027506,4.680000000003301,4.42353623612914,1.5,1.4751708520769813,2.9399999999989,2.9702879050428863,0.0,-1.7659276453415538e-15,0.0,5.692478914348926e-15,-0.8796459430068704,-0.8797911851434081
3.4100000000027717,4.692000000003326,4.435041439180325,1.5,1.474271675170172,2.9359999999988915,2.96711324689203,0.0,-1.7903863716528282e-15,0.0,5.723142550067193e-15,-0.8859291283140632,-0.8861822115760536
3.420000000002793,4.704000000003352,4.446589136503262,1.5,1.4734049544053078,2.931999999998883,2.9641800880747264,0.0,-1.806490353010858e-15,0.0,5.757851079687225e-15,-0.8922123136212561,-0.891105209934837
3.430000000002814,4.716000000003377,4.458322356976549,1.5,1.47258582977159,2.9279999999988746,2.9611237215736455,0.0,-1.8242103174063694e-15,0.0,5.792004236602411e-15,-0.8984954989284489,-0.8963318421389358
3.440000000002835,4.728000000003402,4.470254853030474,1.5,1.471917046298688,2.923999999998866,2.957739601957571,0.0,-1.848528239457971e-15,0.0,5.822678878783799e-15,-0.9047786842356418,-0.902787860796728
3.450000000002856,4.740000000003428,4.482210738838176,1.5,1.4716050207099465,2.9199999999988577,2.95431242234772,0.0,-1.866519997731836e-15,0.0,5.855353998139621e-15,-0.9110618695428346,-0.9080658640561915
3.460000000002877,4.752000000003453,4.49387589238679,1.5,1.471550291238401,2.9159999999988493,2.950894212802062,0.0,-1.879781776084055e-15,0.0,5.889811403648011e-15,-0.9173450548500275,-0.9124644521249926
3.4700000000028983,4.764000000003478,4.505442935459054,1.5,1.471487480613757,2.911999999998841,2.9475255116234718,0.0,-1.9027957049750768e-15,0.0,5.920731199119944e-15,-0.9236282401572203,-0.9187697504000304
3.4800000000029194,4.776000000003504,4.517128936235318,1.5,1.4711048181436044,2.9079999999988324,2.9443263939831055,0.0,-1.9310264143462382e-15,0.0,5.95030803989157e-15,-0.9299114254644132,-0.9261228922107909
3.4900000000029405,4.788000000003529,4.528942663290817,1.5,1.4705111418894663,2.903999999998824,2.9410703468178645,0.0,-1.9460534052539906e-15,0.0,5.9846065737062475e-15,-0.936194610771606,-0.9310490802447953
3.5000000000029616,4.800000000003554,4.540890544011241,1.5,1.4699537366419513,2.8999999999988155,2.9376568314368745,0.0,-1.9491922462852402e-15,0.0,6.022567435965067e-15,-0.9424777960787989,-0.9338568831253851
3.5100000000029827,4.81200000000358,4.552793671873865,1.5,1.4694340721970132,2.895999999998807,2.934289465885629,0.0,-1.963844271934599e-15,0.0,6.0578628339535276e-15,-0.9487609813859917,-0.9384302403674887
3.520000000003004,4.824000000003605,4.564416197716897,1.5,1.468962148729844,2.8919999999987986,2.930975580410991,0.0,-1.9924269743204086e-15,0.0,6.08995562931047e-15,-0.9550441666931846,-0.9451384984743837
3.530000000003025,4.83600000000363,4.576029290514867,1.5,1.4683631399943489,2.88799999999879,2.927746534566589,0.0,-2.0221867396079137e-15,0.0,6.122722777128228e-15,-0.9613273520003774,-0.9518943831779535
3.540000000003046,4.848000000003656,4.587686386526972,1.5,1.4677862988002521,2.8839999999987818,2.9247698577606696,0.0,-2.0594879471727953e-15,0.0,6.154937447569113e-15,-0.9676105373075702,-0.9598132918565889
3.550000000003067,4.860000000003681,4.599310762679301,1.5,1.467488139881334,2.8799999999987733,2.9218014539787185,0.0,-2.1063258432875877e-15,0.0,6.1851323592542045e-15,-0.973893722614763,-0.9691434865657416
3.5600000000030882,4.872000000003706,4.611049177261576,1.5,1.4672024235482506,2.875999999998765,2.91874102168901,0.0,-2.1505615942078492e-15,0.0,6.216537722892855e-15,-0.9801769079219559,-0.9777230690569312
3.5700000000031094,4.884000000003732,4.622694011439453,1.5,1.4669700490402113,2.8719999999987564,2.9156582164601024,0.0,-2.1880535866974207e-15,0.0,6.250351043046303e-15,-0.9864600932291487,-0.9850692217132107
3.5800000000031305,4.896000000003757,4.634367612411059,1.5,1.467038658601671,2.867999999998748,2.9124576858131355,0.0,-2.221744066405984e-15,0.0,6.285144961477149e-15,-0.9927432785363416,-0.9916573700998627
3.5900000000031516,4.908000000003782,4.6462183852863275,1.5,1.4670128036218075,2.8639999999987396,2.909304951864809,0.0,-2.244760580283249e-15,0.0,6.3235814294275306e-15,-0.9990264638435344,-0.9965672781379378
3.6000000000031727,4.9200000000038075,4.658164066081097,1.5,1.4668132064305492,2.859999999998731,2.9061354897172973,0.0,-2.2674117800580483e-15,0.0,6.362334391975156e-15,-1.0053096491507274,-1.0013106479005542
3.6100000000031938,4.932000000003833,4.670072544995018,1.5,1.4666619188860752,2.8559999999987227,2.902816445893952,0.0,-2.301496938984703e-15,0.0,6.397012950638948e-15,-1.0115928344579201,-1.0075269712970232
3.620000000003215,4.944000000003858,4.682101212317717,1.5,1.4663506694686896,2.8519999999987142,2.899416226486987,0.0,-2.3459321690694043e-15,0.0,6.427978800141885e-15,-1.017876019765113,-1.01505391777532
3.630000000003236,4.9560000000038835,4.6942977255710705,1.5,1.4658621188360261,2.847999999998706,2.895932424135558,0.0,-2.3949751136069503e-15,0.0,6.456907947158697e-15,-1.0241592050723058,-1.0231008811328877
3.640000000003257,4.968000000003909,4.70641645220355,1.5,1.4653925519932416,2.8439999999986973,2.8920382291222837,0.0,-2.430419972421963e-15,0.0,6.488783439509854e-15,-1.0304423903794986,-1.0290629990076405
3.650000000003278,4.980000000003934,4.718322050867627,1.5,1.465114157947652,2.839999999998689,2.8876357873064205,0.0,-2.456894024850646e-15,0.0,6.521105068607623e-15,-1.0367255756866915,-1.0336143883327304
3.6600000000032993,4.9920000000039595,4.73007858102729,1.5,1.4647623313891338,2.8359999999986805,2.883106633288715,0.0,-2.474184132924299e-15,0.0,6.55503315253962e-15,-1.0430087609938843,-1.0368042089194227
3.6700000000033204,5.004000000003985,4.74191771627722,1.5,1.4642670953490875,2.831999999998672,2.878463242315378,0.0,-2.4885842925597652e-15,0.0,6.588357818058487e-15,-1.0492919463010772,-1.0395806524681361
3.6800000000033415,5.01600000000401,4.753672698614703,1.5,1.4638135583714385,2.8279999999986636,2.8736358582127566,0.0,-2.506590987110063e-15,0.0,6.618662469708027e-15,-1.05557513160827,-1.0428629107552327
3.6900000000033626,5.0280000000040355,4.765354276928474,1.5,1.4632197524683361,2.823999999998655,2.8685439545144713,0.0,-2.5246755746404094e-15,0.0,6.646886716772489e-15,-1.061858316915463,-1.0461088015606432
3.7000000000033837,5.040000000004061,4.777026035374962,1.5,1.4624527652075539,2.8199999999986467,2.8634050569622826,0.0,-2.559471111374084e-15,0.0,6.667603640756144e-15,-1.0681415022226557,-1.0518506106126955
3.710000000003405,5.052000000004086,4.7885868066939805,1.5,1.4617097254889655,2.8159999999986383,2.8584548352717944,0.0,-2.603899027606718e-15,0.0,6.684360457620733e-15,-1.0744246875298487,-1.0591059347449208
3.720000000003426,5.064000000004111,4.800178999654545,1.5,1.4608558738217197,2.81199999999863,2.8536996371151284,0.0,-2.650051302801177e-15,0.0,6.700262007371021e-15,-1.0807078728370414,-1.0666617742639446
3.730000000003447,5.076000000004137,4.811940460678572,1.5,1.4598605519729888,2.8079999999986214,2.848999847690402,0.0,-2.7044578437953405e-15,0.0,6.712604511799128e-15,-1.0869910581442344,-1.0754239977410351
3.740000000003468,5.088000000004162,4.823786351057295,1.5,1.4588703954097357,2.803999999998613,2.8442450214253165,0.0,-2.761016982403453e-15,0.0,6.723251463654757e-15,-1.093274243451427,-1.0844659031181383
3.750000000003489,5.100000000004187,4.835460776955541,1.5,1.457804035579608,2.7999999999986045,2.83970727293267,0.0,-2.8216165357657553e-15,0.0,6.732332437660044e-15,-1.09955742875862,-1.0941230785189675
3.7600000000035103,5.112000000004213,4.846854889680572,1.5,1.4566849807711408,2.795999999998596,2.835489304896166,0.0,-2.8751497451869555e-15,0.0,6.7449494285516145e-15,-1.1058406140658128,-1.1027349490420737
3.7700000000035314,5.124000000004238,4.858037314966214,1.5,1.4554848561203917,2.7919999999985876,2.831370532742221,0.0,-2.9083851820852008e-15,0.0,6.766206919371737e-15,-1.1121237993730058,-1.108276168546453
3.7800000000035525,5.136000000004263,4.8692780984766015,1.5,1.4542018046350706,2.787999999998579,2.8272301301424703,0.0,-2.928250703869422e-15,0.0,6.792838638922287e-15,-1.1184069846801985,-1.1117915435672514
3.7900000000035736,5.148000000004289,4.880656055708522,1.5,1.4529969514183068,2.7839999999985707,2.8231493671352537,0.0,-2.9510400547305554e-15,0.0,6.8180279920038215e-15,-1.1246901699873915,-1.1158661013875728
3.8000000000035947,5.160000000004314,4.892101375423399,1.5,1.4519046793755066,2.7799999999985623,2.8192012019067207,0.0,-2.9833187710721455e-15,0.0,6.83940618182076e-15,-1.1309733552945842,-1.1214800518057653
3.810000000003616,5.172000000004339,4.90357325142198,1.5,1.4505845383733704,2.775999999998554,2.8153940189249096,0.0,-3.03698733683808e-15,0.0,6.852590886702577e-15,-1.1372565406017772,-1.1298786525658961
3.820000000003637,5.184000000004365,4.915082389554601,1.5,1.4491117056014453,2.7719999999985454,2.811657247382711,0.0,-3.1007910147253804e-15,0.0,6.861858491973142e-15,-1.14353972590897,-1.1394731249696097
3.830000000003658,5.19600000000439,4.926925037457383,1.5,1.4478101598926822,2.767999999998537,2.8079778732720784,0.0,-3.1582937806317096e-15,0.0,6.87387054562993e-15,-1.1498229112161629,-1.1481208726632826
3.840000000003679,5.208000000004415,4.93878169689937,1.5,1.4465319590287125,2.7639999999985285,2.804289378244109,0.0,-3.2048859622411888e-15,0.0,6.8903244667871276e-15,-1.1561060965233556,-1.1552447152420964
3.8500000000037002,5.220000000004441,4.9503209850779815,1.5,1.4453190870643196,2.75999999999852,2.8003504888138964,0.0,-3.2418772529222416e-15,0.0,6.9099613401232024e-15,-1.1623892818305483,-1.1609811578999802
3.8600000000037213,5.232000000004466,4.961775108928804,1.5,1.4442288177299014,2.7559999999985116,2.7962314165203215,0.0,-3.274275013354688e-15,0.0,6.930741032716024e-15,-1.1686724671377413,-1.1660071562622587
3.8700000000037424,5.244000000004491,4.973288338727052,1.5,1.443193876380321,2.751999999998503,2.7924929752682006,0.0,-3.3048327632670146e-15,0.0,6.953383699202022e-15,-1.174955652444934,-1.170794302272161
3.8800000000037635,5.256000000004517,4.984606002809221,1.5,1.442255784921542,2.7479999999984948,2.789012995375666,0.0,-3.3421335745610927e-15,0.0,6.974062307845714e-15,-1.181238837752127,-1.1764731644322
3.8900000000037847,5.268000000004542,4.9957998950133975,1.5,1.4415238484582236,2.7439999999984863,2.785527911900999,0.0,-3.377194982265267e-15,0.0,6.995857292107282e-15,-1.1875220230593198,-1.1818134074071853
3.9000000000038058,5.280000000004567,5.006919013624661,1.5,1.4409122645096424,2.739999999998478,2.7822736956170098,0.0,-3.3973036620770703e-15,0.0,7.0255285323388525e-15,-1.1938052083665127,-1.185167410083719
3.910000000003827,5.292000000004593,5.017985464247684,1.5,1.4406976058343501,2.7359999999984694,2.7791233764238297,0.0,-3.4246640231406667e-15,0.0,7.052712391636842e-15,-1.2000883936737055,-1.1895374796908933
3.920000000003848,5.304000000004618,5.029121670939079,1.5,1.4408826695753618,2.731999999998461,2.776048458823401,0.0,-3.453507500214027e-15,0.0,7.079905851941917e-15,-1.2063715789808984,-1.1941199519102028
3.930000000003869,5.316000000004643,5.040262681476742,1.5,1.441346093446061,2.7279999999984526,2.7729766761606824,0.0,-3.4837449829003023e-15,0.0,7.106717389610767e-15,-1.2126547642880912,-1.1989710471952648
3.94000000000389,5.328000000004669,5.051545255619309,1.5,1.4421874570458302,2.723999999998444,2.7697472753191343,0.0,-3.5240319056130643e-15,0.0,7.128576528965845e-15,-1.2189379495952841,-1.2052182619624192
3.9500000000039113,5.340000000004694,5.063155991725173,1.5,1.4430604423051476,2.7199999999984357,2.7664128625770643,0.0,-3.562341153495568e-15,0.0,7.151249010666096e-15,-1.2252211349024769,-1.2111983989102872
3.9600000000039324,5.352000000004719,5.074806337553701,1.5,1.4438845894107137,2.7159999999984272,2.7631151885485696,0.0,-3.6115261390366624e-15,0.0,7.168948882548313e-15,-1.2315043202096698,-1.2186784754641806
3.9700000000039535,5.3640000000047445,5.086303869876514,1.5,1.444631986027229,2.711999999998419,2.7599447199468923,0.0,-3.680510831148969e-15,0.0,7.177426554909648e-15,-1.2377875055168626,-1.228917117380237
3.9800000000039746,5.37600000000477,5.097436750881943,1.5,1.4452822165596528,2.7079999999984103,2.756828360159672,0.0,-3.74911385406049e-15,0.0,7.186089485354737e-15,-1.2440706908240555,-1.239157722104915
3.9900000000039957,5.388000000004795,5.108149510918894,1.5,1.4459328398352276,2.703999999998402,2.7536533308305575,0.0,-3.802536679872228e-15,0.0,7.202067467745223e-15,-1.2503538761312483,-1.2473523052317912
4.000000000004016,5.40000000000482,5.119033477582164,1.5,1.4464159573551905,2.6999999999983935,2.750504572605605,0.0,-3.842869520349748e-15,0.0,7.224851205553567e-15,-1.2566370614384408,-1.2537652275630307
4.010000000003993,5.412000000004792,5.130157909438641,1.5,1.4467427990327528,2.695999999998403,2.7472810110119483,0.0,-3.859811255055742e-15,0.0,7.259657996559063e-15,-1.2629202467456058,-1.2569344539833893
4.02000000000397,5.424000000004764,5.141031055722026,1.5,1.4471289975577737,2.691999999998412,2.743829601372155,0.0,-3.868650914168024e-15,0.0,7.297728582246938e-15,-1.2692034320527708,-1.2589919262197187
4.030000000003946,5.436000000004736,5.151717344426391,1.5,1.447437643964941,2.6879999999984214,2.7402607680573383,0.0,-3.889988631101496e-15,0.0,7.328542074055347e-15,-1.2754866173599355,-1.2628476085790823
4.040000000003923,5.448000000004708,5.162443486113162,1.5,1.4477195838661683,2.6839999999984308,2.73675881385593,0.0,-3.93605199050561e-15,0.0,7.345978940135005e-15,-1.2817698026671005,-1.270267526498754
4.0500000000039,5.46000000000468,5.173297009550152,1.5,1.4479142809111605,2.67999999999844,2.733447145999752,0.0,-3.998141153635004e-15,0.0,7.354702506600029e-15,-1.2880529879742655,-1.2801053654229106
4.0600000000038765,5.472000000004652,5.184268541338865,1.5,1.448088495914331,2.6759999999984494,2.730257831773257,0.0,-4.067156374003336e-15,0.0,7.359393852075758e-15,-1.2943361732814305,-1.291073003730888
4.070000000003853,5.484000000004624,5.195213266084949,1.5,1.4482581759315611,2.6719999999984587,2.72696449711655,0.0,-4.129123723854145e-15,0.0,7.366886537000997e-15,-1.3006193585885955,-1.3011780747805157
4.08000000000383,5.496000000004596,5.2062707735332205,1.5,1.4482573723725318,2.667999999998468,2.723529380334916,0.0,-4.155492540838498e-15,0.0,7.392813943427304e-15,-1.3069025438957604,-1.3065253843142273
4.090000000003807,5.508000000004568,5.217381768977792,1.5,1.4483455847352376,2.6639999999984774,2.7200138385824535,0.0,-4.158018206713161e-15,0.0,7.430913121002168e-15,-1.3131857292029252,-1.3088195127181659
4.100000000003783,5.52000000000454,5.228280439144597,1.5,1.4484604156565513,2.6599999999984867,2.7163983340378337,0.0,-4.163836351436426e-15,0.0,7.466847079744193e-15,-1.3194689145100902,-1.3114300409299589
4.11000000000376,5.532000000004512,5.23896460892743,1.5,1.448489695640134,2.655999999998496,2.713037886129985,0.0,-4.195019816927588e-15,0.0,7.490058700475754e-15,-1.3257520998172552,-1.3171488411370589
4.120000000003737,5.544000000004484,5.249580526956926,1.5,1.44843475078833,2.6519999999985053,2.709907794448894,0.0,-4.242227625456099e-15,0.0,7.505647717217054e-15,-1.3320352851244202,-1.3247776601025112
4.130000000003713,5.556000000004456,5.260406662081707,1.5,1.4485036260878836,2.6479999999985147,2.7067314921747725,0.0,-4.301468723611894e-15,0.0,7.51495263145572e-15,-1.3383184704315851,-1.3337353044412876
4.14000000000369,5.568000000004428,5.271297132999631,1.5,1.4485271273045541,2.643999999998524,2.7034344578137386,0.0,-4.365922696929051e-15,0.0,7.521661733093106e-15,-1.34460165573875,-1.3430835674691664
4.150000000003667,5.5800000000044,5.282096480937573,1.5,1.4481534495919761,2.6399999999985333,2.69981092691434,0.0,-4.4053468396223875e-15,0.0,7.541184688719532e-15,-1.3508848410459149,-1.349091926676097
4.1600000000036434,5.592000000004372,5.292823797952918,1.5,1.4473498031336698,2.6359999999985426,2.6958901816879126,0.0,-4.4112837620197335e-15,0.0,7.577959921211255e-15,-1.3571680263530799,-1.3508001929718212
4.17000000000362,5.604000000004344,5.303551785387474,1.5,1.4464588975695214,2.631999999998552,2.691940726243406,0.0,-4.408718255457135e-15,0.0,7.618847213582021e-15,-1.3634512116602449,-1.3514212928036382
4.180000000003597,5.616000000004316,5.314365997648868,1.5,1.4458662610964716,2.6279999999985613,2.6878277072698213,0.0,-4.423532802539869e-15,0.0,7.649093301770586e-15,-1.3697343969674098,-1.3541670632926048
4.1900000000035735,5.628000000004288,5.32509649876401,1.5,1.4458562086827813,2.6239999999985706,2.6833085619506627,0.0,-4.463608442106779e-15,0.0,7.6633533055267e-15,-1.3760175822745746,-1.359952482446515
4.20000000000355,5.64000000000426,5.336075339262161,1.5,1.4464728068637855,2.61999999999858,2.6783078514917635,0.0,-4.5438440144032616e-15,0.0,7.652532183928397e-15,-1.3823007675817396,-1.3705860800023548
4.210000000003527,5.652000000004232,5.347330421405731,1.5,1.4473145239702303,2.6159999999985892,2.673004004070464,0.0,-4.634974185008048e-15,0.0,7.632677977703587e-15,-1.3885839528889046,-1.3824751246710891
4.220000000003504,5.664000000004204,5.358622368621315,1.5,1.4483778157977627,2.6119999999985986,2.667734752290491,0.0,-4.700103318024644e-15,0.0,7.626137939919968e-15,-1.3948671381960696,-1.391056848924469
4.23000000000348,5.676000000004176,5.36989885957415,1.5,1.4496516514945599,2.607999999998608,2.6624084801893364,0.0,-4.745737396033836e-15,0.0,7.629408954761787e-15,-1.4011503235032345,-1.3971596715869428
4.240000000003457,5.688000000004148,5.381140573307819,1.5,1.4510380944816472,2.603999999998617,2.657057130690195,0.0,-4.786919203888826e-15,0.0,7.633860077359142e-15,-1.4074335088103995,-1.4026903318317323
4.250000000003434,5.70000000000412,5.3923779095292605,1.5,1.4522925496411385,2.5999999999986265,2.6520998096439956,0.0,-4.814504439413056e-15,0.0,7.646632015027589e-15,-1.4137166941175643,-1.4065646818571862
4.26000000000341,5.7120000000040925,5.4034027617565865,1.5,1.453354966336791,2.595999999998636,2.6474870522492218,0.0,-4.854649948762673e-15,0.0,7.65231622795092e-15,-1.4199998794247293,-1.412081847887253
4.270000000003387,5.7240000000040645,5.414378551355569,1.5,1.454549001346488,2.591999999998645,2.64308248692422,0.0,-4.9221674994226884e-15,0.0,7.64162909341389e-15,-1.4262830647318943,-1.42107452533407
4.280000000003364,5.7360000000040365,5.425240137607143,1.5,1.4559597314413342,2.5879999999986545,2.638828348086444,0.0,-4.993960871930187e-15,0.0,7.627994393060281e-15,-1.4325662500390592,-1.430740913252035
4.2900000000033405,5.748000000004009,5.435665940821018,1.5,1.4577768264617024,2.583999999998664,2.6348179327881773,0.0,-5.065142455980054e-15,0.0,7.614521980476392e-15,-1.4388494353462242,-1.4405089742095865
4.300000000003317,5.760000000003981,5.446181943761419,1.5,1.459948277846709,2.579999999998673,2.631000593369301,0.0,-5.1104322452868204e-15,0.0,7.617221837431865e-15,-1.445132620653389,-1.4471556460296489
4.310000000003294,5.772000000003953,5.4571473641857375,1.5,1.4619189574769653,2.5759999999986825,2.6271763678244477,0.0,-5.134346327907051e-15,0.0,7.63321964857482e-15,-1.451415805960554,-1.4511472557587597
4.320000000003271,5.784000000003925,5.468342090025001,1.5,1.46358141873613,2.5719999999986918,2.6229811363323248,0.0,-5.129394740111322e-15,0.0,7.666477175571689e-15,-1.457698991267719,-1.4514231319870796
4.330000000003247,5.796000000003897,5.47947366801739,1.5,1.4650582887800059,2.567999999998701,2.6184508268232785,0.0,-5.109498283060883e-15,0.0,7.70791617052263e-15,-1.463982176574884,-1.4497430605945227
4.340000000003224,5.808000000003869,5.490529860815931,1.5,1.466637046496724,2.5639999999987104,2.6139542340769415,0.0,-5.120419665123182e-15,0.0,7.729696972256322e-15,-1.470265361882049,-1.4520068153801298
4.350000000003201,5.820000000003841,5.501391911407883,1.5,1.468481667125791,2.5599999999987197,2.6093732974153165,0.0,-5.14986859048372e-15,0.0,7.739100870291116e-15,-1.4765485471892137,-1.4566409183598967
4.360000000003177,5.832000000003813,5.512301946852416,1.5,1.4706199649441802,2.555999999998729,2.6046990371190613,0.0,-5.202774649825142e-15,0.0,7.7325516008127e-15,-1.4828317324963787,-1.4642998883842264
4.370000000003154,5.844000000003785,5.523147788205494,1.5,1.472823877284643,2.5519999999987384,2.599749982028436,0.0,-5.30589135024361e-15,0.0,7.691178023971057e-15,-1.4891149178035437,-1.4784355850566433
4.380000000003131,5.856000000003757,5.533707958982839,1.5,1.4746145412747926,2.5479999999987477,2.594821145162224,0.0,-5.4265138028494445e-15,0.0,7.635227001149448e-15,-1.4953981031107086,-1.4950365173498483
4.390000000003107,5.868000000003729,5.5441113598128515,1.5,1.476074740295987,2.543999999998757,2.590315757723457,0.0,-5.5206506530767415e-15,0.0,7.59574052125213e-15,-1.5016812884178736,-1.5084946143770102
4.400000000003084,5.880000000003701,5.554353089572929,1.5,1.4773732638278863,2.5399999999987664,2.586212303940914,0.0,-5.577601256570149e-15,0.0,7.58408083581679e-15,-1.5079644737250384,-1.5169894021169725
4.410000000003061,5.892000000003673,5.564842894737991,1.5,1.4783827322339453,2.5359999999987757,2.5821522588066705,0.0,-5.602946036235242e-15,0.0,7.597058914367577e-15,-1.5142476590322034,-1.5210412277662402
4.4200000000030375,5.904000000003645,5.575615165647448,1.5,1.4790973275146333,2.531999999998785,2.5780072087055106,0.0,-5.618418713675868e-15,0.0,7.616876565059084e-15,-1.5205308443393684,-1.523784361144622
4.430000000003014,5.916000000003617,5.586276674280477,1.5,1.4797429891404756,2.5279999999987943,2.5737831618013742,0.0,-5.632293083213563e-15,0.0,7.636804744686112e-15,-1.5268140296465333,-1.5264299785918527
4.440000000002991,5.928000000003589,5.59685078796633,1.5,1.4806260687691588,2.5239999999988036,2.5693331629991287,0.0,-5.640740512981622e-15,0.0,7.659817415616841e-15,-1.5330972149536983,-1.5283255715600719
4.450000000002968,5.940000000003561,5.607783141306109,1.5,1.4817798053009748,2.519999999998813,2.564736971143147,0.0,-5.649124048734226e-15,0.0,7.681758939150271e-15,-1.5393804002608633,-1.5302457170199069
4.460000000002944,5.952000000003533,5.6190380135906794,1.5,1.4830705682683196,2.5159999999988223,2.5600865950229412,0.0,-5.6761987312565565e-15,0.0,7.687000257613398e-15,-1.545663585568028,-1.5350127956924202
4.470000000002921,5.964000000003505,5.630590107624716,1.5,1.484537595844959,2.5119999999988316,2.555382831938632,0.0,-5.731333467172578e-15,0.0,7.6668648014987e-15,-1.551946770875193,-1.5440995323372517
4.480000000002898,5.976000000003477,5.642152991478639,1.5,1.4859388930729602,2.507999999998841,2.5508691203631826,0.0,-5.792179345810591e-15,0.0,7.640290661432317e-15,-1.558229956182358,-1.5542777685617677
4.490000000002874,5.988000000003449,5.653375533299516,1.5,1.4869857641884863,2.5039999999988503,2.546512652391265,0.0,-5.848671581328199e-15,0.0,7.617015967869841e-15,-1.564513141489523,-1.5639011008656418
4.500000000002851,6.000000000002851,5.664718202319014,1.4999999999985745,1.4876262331318535,2.5,2.5420567070278532,0.0,-5.8994881666692016e-15,0.0,7.598234744963331e-15,-1.5707963267971359,-1.5726111379943015
4.510000000002828,6.010000000002828,5.676322156702125,1.4949999999985861,1.4879043090221598,2.5,2.537571270664275,0.0,-5.932576265583526e-15,0.0,7.594100774940692e-15,-1.5786503084310919,-1.5787658511007103
4.520000000002804,6.020000000002804,5.687930633813585,1.4899999999985978,1.4877807767109066,2.5,2.533114447143288,0.0,-5.9454700382151635e-15,0.0,7.606511203576065e-15,-1.5865042900650481,-1.5821372282357136
4.530000000002781,6.030000000002781,5.699585796555791,1.4849999999986094,1.4875140827431124,2.5,2.52859572904475,0.0,-5.946856658706029e-15,0.0,7.628466858094703e-15,-1.5943582716990043,-1.5838591316313602
4.540000000002758,6.040000000002758,5.71129360786846,1.479999999998621,1.4872135982163008,2.5,2.524227965127151,0.0,-5.960936404095201e-15,0.0,7.64197894735056e-15,-1.6022122533329606,-1.5870244199871488
4.5500000000027345,6.0500000000027345,5.723018378480092,1.4749999999986327,1.4866817093340134,2.5,2.5204059146770015,0.0,-6.003498770878273e-15,0.0,7.636127103482915e-15,-1.6100662349669166,-1.59367717831542
4.560000000002711,6.060000000002711,5.734944843070736,1.4699999999986444,1.4860587100841534,2.5,2.5168690245950036,0.0,-6.067638217712896e-15,0.0,7.615249506430856e-15,-1.6179202166008728,-1.6029440319678205
4.570000000002688,6.070000000002688,5.747165828062518,1.464999999998656,1.485690540850472,2.5,2.5136573670568714,0.0,-6.13830216025104e-15,0.0,7.590418505238097e-15,-1.625774198234829,-1.6130400738240631
4.580000000002665,6.080000000002665,5.759503844111115,1.4599999999986677,1.4855468790270379,2.5,2.5107589675471256,0.0,-6.2042678620291985e-15,0.0,7.570777582594912e-15,-1.6336281798687853,-1.6225240172477013
4.590000000002641,6.090000000002641,5.771689361108483,1.4549999999986793,1.4852974842568558,2.5,2.5079232391737842,0.0,-6.266549050330936e-15,0.0,7.555016932209337e-15,-1.6414821615027413,-1.6314890148697057
4.600000000002618,6.100000000002618,5.78377794749209,1.449999999998691,1.4849606396387045,2.5,2.5051705422996857,0.0,-6.324561437686162e-15,0.0,7.543431118785624e-15,-1.6493361431366975,-1.6399223593838332
4.610000000002595,6.110000000002595,5.7958504143448,1.4449999999987027,1.484616920406319,2.5,2.50217397210114,0.0,-6.3692940565374085e-15,0.0,7.54251782854136e-15,-1.6571901247706537,-1.6466210468726155
4.620000000002571,6.120000000002571,5.808013980674081,1.4399999999987143,1.4842005218469572,2.5,2.4988520465626016,0.0,-6.414106983622141e-15,0.0,7.541067148758135e-15,-1.66504410640461,-1.6532389168750365
4.630000000002548,6.130000000002548,5.820017032845122,1.434999999998726,1.4837171214406948,2.5,2.4954872986963768,0.0,-6.472006174869953e-15,0.0,7.529189490906857e-15,-1.672898088038566,-1.6614355963164313
4.640000000002525,6.140000000002525,5.8315450783556795,1.4299999999987376,1.4832782219234584,2.5,2.492305330693205,0.0,-6.538664329173965e-15,0.0,7.510950311964194e-15,-1.6807520696725222,-1.6706969304795958
4.6500000000025015,6.1500000000025015,5.842810151076865,1.4249999999987493,1.4823496094260769,2.5,2.489284258675093,0.0,-6.604439841934207e-15,0.0,7.494020521052112e-15,-1.6886060513064785,-1.679840479626391
4.660000000002478,6.160000000002478,5.853938528646371,1.419999999998761,1.4807266082884913,2.5,2.486446787335063,0.0,-6.684313043336685e-15,0.0,7.466008599908255e-15,-1.6964600329404347,-1.6907525003712922
4.670000000002455,6.170000000002455,5.864848729986542,1.4149999999987726,1.4790297855802188,2.5,2.4839109823502175,0.0,-6.774402915187047e-15,0.0,7.43025120959594e-15,-1.7043140145743907,-1.7029773285600447
4.6800000000024315,6.1800000000024315,5.875636153851596,1.4099999999987842,1.4774809804100921,2.5,2.481297563711094,0.0,-6.864185131408779e-15,0.0,7.39453735763698e-15,-1.712167996208347,-1.7151267477054477
4.690000000002408,6.190000000002408,5.886396437649746,1.4049999999987959,1.4758556626331139,2.5,2.478722649798507,0.0,-6.95512748468707e-15,0.0,7.357770582281164e-15,-1.7200219778423032,-1.7273949140812344
4.700000000002385,6.200000000002385,5.897302338244001,1.3999999999988075,1.474317209182725,2.5,2.4764314126266638,0.0,-7.017635622075167e-15,0.0,7.348856268254584e-15,-1.7278759594762594,-1.7358916629645882
4.710000000002362,6.210000000002362,5.908171482296424,1.3949999999988192,1.4729224008845647,2.5,2.474108009902794,0.0,-7.055738443121353e-15,0.0,7.363994608636261e-15,-1.7357299411102156,-1.7410992618021095
4.720000000002338,6.220000000002338,5.9188216766858535,1.3899999999988308,1.4713000147038726,2.5,2.471914711883524,0.0,-7.087678978700641e-15,0.0,7.385627568406017e-15,-1.7435839227441716,-1.745575219588331
4.730000000002315,6.230000000002315,5.929637660215672,1.3849999999988425,1.4693727497828584,2.5,2.4701390702893784,0.0,-7.098917573128089e-15,0.0,7.429844534616562e-15,-1.7514379043781279,-1.7473058569311675
4.740000000002292,6.240000000002292,5.940495277300614,1.3799999999988541,1.4673739625211826,2.5,2.4687467140382133,0.0,-7.105452807276727e-15,0.0,7.482012350432296e-15,-1.759291886012084,-1.7484204616283692
4.750000000002268,6.250000000002268,5.951519769451726,1.3749999999988658,1.4651731872943106,2.5,2.467689564261923,0.0,-7.124639538625792e-15,0.0,7.52521442954937e-15,-1.7671458676460403,-1.7513188278466618
4.760000000002245,6.260000000002245,5.962701858220035,1.3699999999988774,1.4628509811931854,2.5,2.4670427819442478,0.0,-7.157830360401103e-15,0.0,7.558669203838e-15,-1.7749998492799963,-1.7562040916376216
4.770000000002222,6.270000000002222,5.973764985366245,1.364999999998889,1.4608023359064104,2.5,2.466668477477441,0.0,-7.209841639476531e-15,0.0,7.578327880639172e-15,-1.7828538309139526,-1.7636299049200919
4.7800000000021985,6.2800000000021985,5.984556302800109,1.3599999999989008,1.4587129205762044,2.5,2.46646875681209,0.0,-7.295070440331562e-15,0.0,7.570576039471687e-15,-1.7907078125479088,-1.7754374380992908
4.790000000002175,6.290000000002175,5.9952011373937815,1.3549999999989124,1.4561513219095306,2.5,2.466589823215876,0.0,-7.413144316367294e-15,0.0,7.535027478854485e-15,-1.798561794181865,-1.7916632073351237
4.800000000002152,6.300000000002152,6.005774665265317,1.349999999998924,1.4531525269487264,2.5,2.4669895329916947,0.0,-7.525212398626736e-15,0.0,7.505823399243476e-15,-1.8064157758158212,-1.8074242199676187
4.810000000002129,6.310000000002129,6.0162068327448575,1.3449999999989357,1.4498278144364847,2.5,2.4673755048747505,0.0,-7.603997101682847e-15,0.0,7.51283268392595e-15,-1.8142697574497773,-1.818653466442606
4.820000000002105,6.320000000002105,6.0266375255713855,1.3399999999989474,1.446302668169773,2.5,2.4676718913336315,0.0,-7.651326673629183e-15,0.0,7.554993371268069e-15,-1.8221237390837335,-1.8256010368841986
4.830000000002082,6.330000000002082,6.036888532054568,1.334999999998959,1.4427950834729975,2.5,2.4681088303795122,0.0,-7.68112460736114e-15,0.0,7.618417748607472e-15,-1.8299777207176897,-1.8302258686753246
4.840000000002059,6.340000000002059,6.047177357171425,1.3299999999989707,1.4389425634664015,2.5,2.4686880052479245,0.0,-7.689980522829965e-15,0.0,7.707071962653805e-15,-1.8378317023516457,-1.8319832728323204
4.850000000002035,6.350000000002035,6.057729931337456,1.3249999999989823,1.4346203044938257,2.5,2.4694658619155576,0.0,-7.674780333605471e-15,0.0,7.82304503039947e-15,-1.845685683985602,-1.8305682466112354
4.860000000002012,6.360000000002012,6.068185244171347,1.319999999998994,1.4300834156526294,2.5,2.4704209044721517,0.0,-7.66435909614837e-15,0.0,7.936787269060277e-15,-1.8535396656195582,-1.8297357504334215
4.870000000001989,6.370000000001989,6.0785241533817995,1.3149999999990056,1.4253425349423787,2.5,2.4714239374773634,0.0,-7.680303150773356e-15,0.0,8.028466149559623e-15,-1.8613936472535144,-1.8320044843480359
4.880000000001965,6.380000000001965,6.089112888167599,1.3099999999990173,1.420370813188829,2.5,2.472632553065811,0.0,-7.736033051392675e-15,0.0,8.08615700136457e-15,-1.8692476288874706,-1.8389353240613318
4.890000000001942,6.390000000001942,6.100143059788934,1.304999999999029,1.4153428187782349,2.5,2.474161953385577,0.0,-7.843293901015594e-15,0.0,8.097586227068437e-15,-1.8771016105214267,-1.8520099171213102
4.900000000001919,6.400000000001919,6.111135154590993,1.2999999999990406,1.4105734292953134,2.5,2.4758583773404466,0.0,-7.988309841393711e-15,0.0,8.07247911247029e-15,-1.8849555921553829,-1.869648124436378
4.9100000000018955,6.4100000000018955,6.121804153243548,1.2949999999990522,1.4062337841415504,2.5,2.4773829477907294,0.0,-8.144772942610908e-15,0.0,8.03306037503694e-15,-1.8928095737893391,-1.888723442577899
4.920000000001872,6.420000000001872,6.1322651987131955,1.289999999999064,1.4022459107115384,2.5,2.4788280337389783,0.0,-8.293535914382147e-15,0.0,7.998299077732198e-15,-1.9006635554232953,-1.906975968878661
4.930000000001849,6.430000000001849,6.142428759872102,1.2849999999990755,1.398238943320674,2.5,2.480417024512503,0.0,-8.410809901285479e-15,0.0,7.994931947463764e-15,-1.9085175370572514,-1.921354473603933
4.940000000001826,6.440000000001826,6.152647003713019,1.2799999999990872,1.3943490681616668,2.5,2.4822890194306746,0.0,-8.493390542188682e-15,0.0,8.027846752580629e-15,-1.9163715186912076,-1.9314256536913457
4.950000000001802,6.450000000001802,6.162776518044739,1.2749999999990989,1.390690672877724,2.5,2.4843520143222473,0.0,-8.535561799309366e-15,0.0,8.104023074939586e-15,-1.9242255003251638,-1.936363958112739
4.960000000001779,6.460000000001779,6.172587579497147,1.2699999999991105,1.3869180338644145,2.5,2.486552499353964,0.0,-8.535867800096295e-15,0.0,8.225259506711548e-15,-1.93207948195912,-1.9359856171881926
4.970000000001756,6.470000000001756,6.182314458331007,1.2649999999991222,1.383246330040115,2.5,2.48901173267212,0.0,-8.541144028996782e-15,0.0,8.339206930071493e-15,-1.9399334635930763,-1.936394300863088
4.980000000001732,6.480000000001732,6.192032447062924,1.2599999999991338,1.3796306194933456,2.5,2.4913851304336525,0.0,-8.567687641931576e-15,0.0,8.428324510906996e-15,-1.9477874452270323,-1.9394919533752184
4.990000000001709,6.490000000001709,6.201795691259016,1.2549999999991455,1.3757506238507526,2.5,2.493651731970262,0.0,-8.606515517609712e-15,0.0,8.502065251402857e-15,-1.9556414268609885,-1.944189196544642
5.000000000001686,6.500000000001686,6.211806359200344,1.2499999999991571,1.371650347696409,2.5,2.4960635208173856,0.0,-8.674240574617819e-15,0.0,8.546722045614724e-15,-1.9634954084949447,-1.9521073523177324
5.0100000000016625,6.5100000000016625,6.222075813923201,1.2449999999991688,1.3672908842138942,2.5,2.4987763837620642,0.0,-8.756721550766578e-15,0.0,8.575064483375408e-15,-1.9713493901289008,-1.9617556037309516
5.020000000001639,6.520000000001639,6.2322407585535915,1.2399999999991804,1.3626099017551352,2.5,2.5018062410234605,0.0,-8.831514095213824e-15,0.0,8.60776948360811e-15,-1.979203371762857,-1.9706886866698743
5.030000000001616,6.530000000001616,6.242313701097642,1.234999999999192,1.3577651294940103,2.5,2.5049957293413017,0.0,-8.908073949293359e-15,0.0,8.634638382246878e-15,-1.9870573533968132,-1.9799362234552103
5.0400000000015925,6.5400000000015925,6.252514079598612,1.2299999999992037,1.3527192107953414,2.5,2.508206437347679,0.0,-8.997196313760515e-15,0.0,8.644866160729336e-15,-1.9949113350307695,-1.9906497642981842
5.050000000001569,6.550000000001569,6.26266119651059,1.2249999999992154,1.3473065868447964,2.5,2.5114011676089296,0.0,-9.087661025138342e-15,0.0,8.649278130624338e-15,-2.0027653166647257,-2.001608226534067
5.060000000001546,6.560000000001546,6.2727019754595075,1.219999999999227,1.3416217266562283,2.5,2.514803937309861,0.0,-9.140949900024641e-15,0.0,8.687387352661559e-15,-2.010619298298682,-2.0085511671018734
5.070000000001523,6.570000000001523,6.282655871687391,1.2149999999992387,1.3358406437408934,2.5,2.5184882996390274,0.0,-9.184634724414198e-15,0.0,8.731905869178794e-15,-2.018473279932638,-2.01452260482636
5.080000000001499,6.580000000001499,6.292520717399074,1.2099999999992503,1.3300963720793326,2.5,2.5221363928880454,0.0,-9.255142989254277e-15,0.0,8.745134599823831e-15,-2.026327261566594,-2.023511999834272
5.090000000001476,6.590000000001476,6.302366687283577,1.204999999999262,1.3244616834379315,2.5,2.5254612889088084,0.0,-9.326090350526912e-15,0.0,8.753348786473614e-15,-2.03418124320055,-2.032561360673991
5.100000000001453,6.600000000001453,6.312213472139523,1.1999999999992736,1.3190180874811972,2.5,2.528486676884233,0.0,-9.38360383726067e-15,0.0,8.771874622562593e-15,-2.0420352248345064,-2.040122991160216
5.110000000001429,6.610000000001429,6.321929194435325,1.1949999999992853,1.3138353700195704,2.5,2.531586654677412,0.0,-9.436100353910733e-15,0.0,8.793582359121269e-15,-2.0498892064684626,-2.047202934804979
5.120000000001406,6.620000000001406,6.33160600527825,1.189999999999297,1.3089706552557165,2.5,2.534500356297362,0.0,-9.507117170880928e-15,0.0,8.793125021523852e-15,-2.057743188102419,-2.056396075918494
5.130000000001383,6.630000000001383,6.341497189101609,1.1849999999993086,1.304277980744236,2.5,2.536948193162226,0.0,-9.595174734281343e-15,0.0,8.771671143721701e-15,-2.065597169736375,-2.0675021847383626
5.1400000000013595,6.6400000000013595,6.3515567107865945,1.1799999999993203,1.2996654441059223,2.5,2.5394817205985234,0.0,-9.665322513729549e-15,0.0,8.769986794927507e-15,-2.0734511513703313,-2.0764887158853123
5.150000000001336,6.650000000001336,6.361770091170295,1.174999999999332,1.2951582331317013,2.5,2.5421740126532475,0.0,-9.703932485047783e-15,0.0,8.802537627176402e-15,-2.081305133004287,-2.081869268138447
5.160000000001313,6.660000000001313,6.371843328136867,1.1699999999993436,1.2905892935914836,2.5,2.5445967239991094,0.0,-9.759096075257879e-15,0.0,8.816827472016173e-15,-2.0891591146382433,-2.089013052920138
5.17000000000129,6.67000000000129,6.381849722604073,1.1649999999993552,1.2861316254003432,2.5,2.546667635584678,0.0,-9.840343792529538e-15,0.0,8.803014548869653e-15,-2.0970130962721996,-2.0989493118368565
5.180000000001266,6.680000000001266,6.391937112595435,1.1599999999993669,1.2819713663014902,2.5,2.5483370468820636,0.0,-9.915806372393173e-15,0.0,8.794189865469567e-15,-2.104867077906156,-2.1082299494685
5.190000000001243,6.690000000001243,6.402013386181836,1.1549999999993785,1.2778062953063165,2.5,2.5496070778588824,0.0,-1.0000998487987515e-14,0.0,8.769812843754638e-15,-2.112721059540112,-2.11900358280008
5.20000000000122,6.70000000000122,6.412273616965321,1.1499999999993902,1.2737765952085534,2.5,2.5507473221799546,0.0,-1.008132802964774e-14,0.0,8.747616795782332e-15,-2.1205750411740683,-2.12964769284408
5.210000000001196,6.710000000001196,6.422608284752017,1.1449999999994018,1.2701406791671042,2.5,2.551738923230236,0.0,-1.0119874381846297e-14,0.0,8.776295375657724e-15,-2.1284290228080245,-2.135343208507801
5.220000000001173,6.720000000001173,6.432862605117695,1.1399999999994135,1.2666502359756924,2.5,2.552395567091038,0.0,-1.0126151292951595e-14,0.0,8.845635306529102e-15,-2.1362830044419807,-2.137112969250388
5.23000000000115,6.73000000000115,6.4431784518071415,1.1349999999994251,1.2632964510618163,2.5,2.5524351592000905,0.0,-1.0120034638005782e-14,0.0,8.929994562360369e-15,-2.144136986075937,-2.1374876623224166
5.240000000001126,6.740000000001126,6.453848735959487,1.1299999999994368,1.2598467062851288,2.5,2.5519412539270765,0.0,-1.0144435505801584e-14,0.0,8.983138291157969e-15,-2.151990967709893,-2.141046615890368
5.250000000001103,6.750000000001103,6.464691723608365,1.1249999999994484,1.256254754447654,2.5,2.551265020622209,0.0,-1.0207117873429735e-14,0.0,8.999677096557797e-15,-2.1598449493438494,-2.1484156852653955
5.26000000000108,6.76000000000108,6.475305407414286,1.11999999999946,1.252351747631743,2.5,2.550444382085614,0.0,-1.0282776812533105e-14,0.0,9.004767972087343e-15,-2.167698930977805,-2.157053926697932
5.2700000000010565,6.7700000000010565,6.485725335091235,1.1149999999994717,1.248005470657297,2.5,2.549469790147109,0.0,-1.0374430905643257e-14,0.0,8.990706853297371e-15,-2.1755529126117614,-2.1675773071417646
5.280000000001033,6.780000000001033,6.496205043144034,1.1099999999994834,1.2437328169577182,2.5,2.5482827887188986,0.0,-1.047156840878107e-14,0.0,8.968215128444522e-15,-2.1834068942457177,-2.178864372008908
5.29000000000101,6.79000000000101,6.506687616304854,1.104999999999495,1.2395533216609766,2.5,2.5468907359920316,0.0,-1.0554930657323044e-14,0.0,8.960121208953993e-15,-2.191260875879674,-2.188719962753203
5.300000000000987,6.800000000000987,6.5171618466342505,1.0999999999995067,1.2352634217821468,2.5,2.545327686967548,0.0,-1.0614473322446266e-14,0.0,8.9791208673404e-15,-2.19911485751363,-2.195960143920426
5.310000000000963,6.810000000000963,6.527717219486093,1.0949999999995184,1.230870040049197,2.5,2.543662800954919,0.0,-1.0665328615409717e-14,0.0,9.00727856777872e-15,-2.2069688391475863,-2.2022932119745944
5.32000000000094,6.82000000000094,6.5381786652007765,1.08999999999953,1.226564305778195,2.5,2.5418848299365746,0.0,-1.0715758098150064e-14,0.0,9.034389528499792e-15,-2.214822820781542,-2.208657905128368
5.330000000000917,6.830000000000917,6.548599442663871,1.0849999999995417,1.2223441649552174,2.5,2.5398073712535205,0.0,-1.0788433808069784e-14,0.0,9.031723884866351e-15,-2.2226768024154984,-2.217598541672568
5.340000000000893,6.840000000000893,6.558834435993303,1.0799999999995533,1.2183046544995186,2.5,2.5373502123129557,0.0,-1.0870009928452586e-14,0.0,9.014240782774352e-15,-2.2305307840494546,-2.2275991845573726
5.35000000000087,6.85000000000087,6.568788479672913,1.074999999999565,1.2145230979435668,2.5,2.5346511147898316,0.0,-1.0935901078526671e-14,0.0,9.012990422389496e-15,-2.238384765683411,-2.2358204293241832
5.360000000000847,6.860000000000847,6.578791823363635,1.0699999999995766,1.2109638229291433,2.5,2.5316429943910315,0.0,-1.0972829198621448e-14,0.0,9.044638934272207e-15,-2.246238747317367,-2.240723415855453
5.3700000000008234,6.8700000000008234,6.589171104896857,1.0649999999995883,1.207714636505112,2.5,2.5283782493323717,0.0,-1.0980027395429691e-14,0.0,9.110226272572357e-15,-2.2540927289513233,-2.2422411494678243
5.3800000000008,6.8800000000008,6.600150836831444,1.0599999999996,1.2050280766219177,2.5,2.5252475873882028,0.0,-1.1010342543858915e-14,0.0,9.143684957313186e-15,-2.2619467105852795,-2.246523185046338
5.390000000000777,6.890000000000777,6.6117134879398725,1.0549999999996116,1.2027556397400732,2.5,2.5224054393718705,0.0,-1.1064285738352638e-14,0.0,9.144900926268416e-15,-2.2698006922192357,-2.2536422501044306
5.4000000000007535,6.9000000000007535,6.623196648958259,1.0499999999996232,1.2002071670677135,2.5,2.5194879455703956,0.0,-1.1129387800416959e-14,0.0,9.127939233061075e-15,-2.277654673853192,-2.2622144416100762
5.41000000000073,6.91000000000073,6.634613647128417,1.0449999999996349,1.1973733177113453,2.5,2.5163727145621015,0.0,-1.1212299056100249e-14,0.0,9.081800740673563e-15,-2.285508655487148,-2.2731570149887363
5.420000000000707,6.920000000000707,6.645942779131343,1.0399999999996465,1.1944946737011677,2.5,2.513332159449145,0.0,-1.1295174580867052e-14,0.0,9.030314539892668e-15,-2.2933626371211044,-2.284414740308601
5.430000000000684,6.930000000000684,6.6570677453120455,1.0349999999996582,1.191586297228064,2.5,2.510524136093476,0.0,-1.1376694386791453e-14,0.0,8.977627491881354e-15,-2.3012166187550602,-2.2957258067980533
5.44000000000066,6.94000000000066,6.668242621155341,1.0299999999996698,1.188510487134102,2.5,2.507931372466827,0.0,-1.1451952028988598e-14,0.0,8.93095848545592e-15,-2.3090706003890165,-2.306475556201471
5.450000000000637,6.950000000000637,6.67923137368647,1.0249999999996815,1.1852352826936476,2.5,2.5053900589633487,0.0,-1.1516069219252809e-14,0.0,8.897743849765236e-15,-2.3169245820229727,-2.315949703850859
5.460000000000614,6.960000000000614,6.6900996876516015,1.0199999999996932,1.1819649470614402,2.5,2.5030248822427903,0.0,-1.1582674089698383e-14,0.0,8.8608835470394e-15,-2.324778563656929,-2.3257205096392686
5.47000000000059,6.97000000000059,6.700780850100616,1.0149999999997048,1.1784217345418404,2.5,2.500999906192033,0.0,-1.1652992954816588e-14,0.0,8.820304562794774e-15,-2.332632545290885,-2.3358915024791367
5.480000000000567,6.980000000000567,6.711334198534593,1.0099999999997165,1.1743623162375614,2.5,2.4992133530097203,0.0,-1.17006484801808e-14,0.0,8.810249782281086e-15,-2.3404865269248414,-2.3435029742266447
5.490000000000544,6.990000000000544,6.722109045941657,1.004999999999728,1.1698670122458381,2.5,2.497491921240076,0.0,-1.1700938910860243e-14,0.0,8.86268062471819e-15,-2.348340508558797,-2.3458051673784577
5.5000000000005205,7.00000000000026,6.733195458483161,0.9999999999998439,1.1652254151838013,2.5,2.4959422975256067,0.0,-1.1674908610148888e-14,0.0,8.950681857411414e-15,-2.3561944901927374,-2.3451745442601517
5.510000000000497,7.005000000000249,6.744460544140413,0.9969999999998509,1.1604884846584995,2.5,2.494471610687026,0.0,-1.1647092460092802e-14,0.0,9.042052584371144e-15,-2.363734312561335,-2.3443759995291087
5.520000000000474,7.010000000000237,6.755489516194786,0.9939999999998579,1.155886662500576,2.5,2.492784841760167,0.0,-1.1651135395992532e-14,0.0,9.09129555890412e-15,-2.371274134929933,-2.347234161643303
5.5300000000004506,7.015000000000225,6.766426283637513,0.9909999999998649,1.1514727707216603,2.5,2.491166382916886,0.0,-1.1686906279101811e-14,0.0,9.098360413525474e-15,-2.378813957298531,-2.3538307441386928
5.540000000000427,7.020000000000214,6.7771889026608685,0.9879999999998719,1.147010891564474,2.5,2.489898289713152,0.0,-1.1733093641642068e-14,0.0,9.092192080364795e-15,-2.386353779667129,-2.361793754060172
5.550000000000404,7.025000000000202,6.787848793384507,0.9849999999998789,1.1424908715141402,2.5,2.488770131396508,0.0,-1.1788932834786512e-14,0.0,9.072612893058301e-15,-2.393893602035727,-2.3710917294409652
5.560000000000381,7.03000000000019,6.7984330085334275,0.9819999999998859,1.1381073592937339,2.5,2.4874078007890157,0.0,-1.1858327791111318e-14,0.0,9.032824516915194e-15,-2.401433424404325,-2.3821419952151017
5.570000000000357,7.035000000000179,6.80859008171733,0.9789999999998928,1.1339090159224372,2.5,2.485918567169035,0.0,-1.1941095838306461e-14,0.0,8.973752512167809e-15,-2.4089732467729226,-2.3948449293368443
5.580000000000334,7.040000000000167,6.81868258090869,0.9759999999998998,1.1296013140747732,2.5,2.4844824765359674,0.0,-1.2038630421815176e-14,0.0,8.894168017072712e-15,-2.4165130691415206,-2.4093374162070065
5.590000000000311,7.045000000000155,6.828742896096023,0.9729999999999068,1.1252341023982493,2.5,2.482970048324879,0.0,-1.2129026029471225e-14,0.0,8.822094246209473e-15,-2.4240528915101187,-2.4231719420353923
5.600000000000287,7.050000000000144,6.838638260877656,0.9699999999999138,1.1209184234746474,2.5,2.481339403252724,0.0,-1.2180228964122342e-14,0.0,8.804741403199995e-15,-2.431592713878717,-2.432427855887119
5.610000000000264,7.055000000000132,6.848455235993903,0.9669999999999208,1.116398356349778,2.5,2.4795496004526068,0.0,-1.2207235084191418e-14,0.0,8.822133063248812e-15,-2.4391325362473144,-2.4387700424756193
5.620000000000241,7.06000000000012,6.858475782246038,0.9639999999999278,1.111897428194529,2.5,2.477787532189396,0.0,-1.2225527615187202e-14,0.0,8.851810760010028e-15,-2.4466723586159125,-2.4441015834093816
5.6300000000002175,7.065000000000109,6.868535479892813,0.9609999999999348,1.1076298378866423,2.5,2.4760881391119103,0.0,-1.2244525873548005e-14,0.0,8.879909396893775e-15,-2.4542121809845105,-2.4495886731783054
5.640000000000194,7.070000000000097,6.878368029599402,0.9579999999999418,1.1033269856025243,2.5,2.4746765094652545,0.0,-1.2257579472282713e-14,0.0,8.917110677024825e-15,-2.461752003353108,-2.454450825033094
5.650000000000171,7.075000000000085,6.888093009356899,0.9549999999999488,1.09904113481933,2.5,2.473729352207514,0.0,-1.2275431249637449e-14,0.0,8.95301340844101e-15,-2.4692918257217062,-2.4596943827174016
5.660000000000148,7.080000000000074,6.897639846541699,0.9519999999999558,1.0947417511301898,2.5,2.472904373877973,0.0,-1.231702050555633e-14,0.0,8.962716384261941e-15,-2.4768316480903043,-2.467248024272559
5.670000000000124,7.085000000000062,6.907110467970672,0.9489999999999628,1.0901350401264207,2.5,2.4720241231413214,0.0,-1.2381732809217097e-14,0.0,8.945973922803996e-15,-2.484371470458902,-2.477036574467281
5.680000000000101,7.0900000000000505,6.916741192779106,0.9459999999999698,1.0855628721628647,2.5,2.4712674181073653,0.0,-1.2456372771174588e-14,0.0,8.916050125710046e-15,-2.4919112928275,-2.4879688728663933
5.690000000000078,7.095000000000039,6.926499001112551,0.9429999999999767,1.081052236759214,2.5,2.470753341458911,0.0,-1.2517092632585385e-14,0.0,8.905676553302643e-15,-2.499451115196098,-2.4975065978649322
5.700000000000054,7.100000000000027,6.936198018843777,0.9399999999999837,1.0765442271761185,2.5,2.47045905133375,0.0,-1.254808371371134e-14,0.0,8.938735941266287e-15,-2.506990937564696,-2.5038379337563237
5.710000000000031,7.1050000000000155,6.945967213745395,0.9369999999999907,1.0721590724730021,2.5,2.4705301336286296,0.0,-1.2574089631819619e-14,0.0,8.980754230698814e-15,-2.514530759933294,-2.5098202995023478
5.720000000000008,7.110000000000004,6.9555092511865215,0.9339999999999977,1.0677065862272377,2.5,2.4709360564232785,0.0,-1.261030813266018e-14,0.0,9.009628211630667e-15,-2.522070582301892,-2.5171572956677535
5.729999999999984,7.114999999999992,6.96471528274118,0.9310000000000047,1.063358488778254,2.5,2.4716542279984126,0.0,-1.2643575077296918e-14,0.0,9.043594148325207e-15,-2.52961040467049,-2.5243311544208438
5.739999999999961,7.119999999999981,6.973942102305068,0.9280000000000117,1.0590766399923524,2.5,2.4726868128748265,0.0,-1.2662535904351772e-14,0.0,9.099449386970411e-15,-2.5371502270390875,-2.5299647465374635
5.749999999999938,7.124999999999969,6.983271004264822,0.9250000000000187,1.054885085818552,2.5,2.473837520375908,0.0,-1.2676204899464805e-14,0.0,9.165578026016441e-15,-2.5446900494076856,-2.534895594637583
5.7599999999999145,7.129999999999957,6.992393321753955,0.9220000000000257,1.0507675618113634,2.5,2.475237772770172,0.0,-1.2701971440895787e-14,0.0,9.21838359077258e-15,-2.5522298717762837,-2.5409899184301077
5.769999999999891,7.134999999999946,7.001306506237235,0.9190000000000327,1.0466134355755718,2.5,2.476651502761577,0.0,-1.2739933336353594e-14,0.0,9.256153214681672e-15,-2.5597696941448813,-2.5482521816351964
5.779999999999868,7.139999999999934,7.010181300286645,0.9160000000000397,1.0423558640182062,2.5,2.4778383354730806,0.0,-1.279808049332711e-14,0.0,9.266820654795e-15,-2.5673095165134794,-2.5576158195191074
5.789999999999845,7.144999999999922,7.018864866437448,0.9130000000000467,1.0377704977339754,2.5,2.4790548230060434,0.0,-1.2875918887965243e-14,0.0,9.251222735603261e-15,-2.5748493388820775,-2.569080340568174
5.799999999999821,7.149999999999911,7.027288273859238,0.9100000000000537,1.033042041378198,2.5,2.4803537270686977,0.0,-1.2950894256962909e-14,0.0,9.240149143992938e-15,-2.582389161250675,-2.580237095545536
5.809999999999798,7.154999999999899,7.0354370449005055,0.9070000000000606,1.0283753956645902,2.5,2.481647255173534,0.0,-1.3007969342696256e-14,0.0,9.253681286721721e-15,-2.589928983619273,-2.5894769954039116
5.819999999999775,7.159999999999887,7.04338260825745,0.9040000000000676,1.0237025220855207,2.5,2.483069134133664,0.0,-1.3047926770870747e-14,0.0,9.291708182367923e-15,-2.597468805987871,-2.596869114066874
5.829999999999751,7.164999999999876,7.0511492894296515,0.9010000000000746,1.0189371949634516,2.5,2.4847754821974433,0.0,-1.3076203840014097e-14,0.0,9.347171658027427e-15,-2.605008628356469,-2.602964829168644
5.839999999999728,7.169999999999864,7.0587831276319415,0.8980000000000816,1.0139456955464876,2.5,2.4864283967288845,0.0,-1.3097340008868666e-14,0.0,9.41247550080992e-15,-2.612548450725067,-2.608218315050823
5.849999999999705,7.174999999999852,7.066304949547249,0.8950000000000886,1.0087283497664363,2.5,2.488025058107235,0.0,-1.313080989646179e-14,0.0,9.461314330418112e-15,-2.620088273093665,-2.61469299097139
5.8599999999996815,7.179999999999841,7.073610787800866,0.8920000000000956,1.003568631466808,2.5,2.4896014454019717,0.0,-1.3177229465565369e-14,0.0,9.49288291868632e-15,-2.6276280954622626,-2.622450808450788
5.869999999999658,7.184999999999829,7.080773691373917,0.8890000000001026,0.998612231901435,2.5,2.491003862522324,0.0,-1.321995759441802e-14,0.0,9.530184869158467e-15,-2.6351679178308607,-2.629688086161974
5.879999999999635,7.189999999999817,7.0878913633236245,0.8860000000001096,0.9938017663759827,2.5,2.4923907527400653,0.0,-1.3266171385180224e-14,0.0,9.565149253374395e-15,-2.6427077401994588,-2.6370820685265075
5.8899999999996115,7.194999999999806,7.094925992350118,0.8830000000001166,0.9892415393591256,2.5,2.4940746516303576,0.0,-1.3306977002045873e-14,0.0,9.609245340383729e-15,-2.650247562568057,-2.6438278336027845
5.899999999999588,7.199999999999794,7.101843862649931,0.8800000000001236,0.984927815408255,2.5,2.4960474524467022,0.0,-1.3343329239785105e-14,0.0,9.660855454500804e-15,-2.6577873849366545,-2.64998344573266
5.909999999999565,7.2049999999997825,7.108593603585029,0.8770000000001305,0.9806652205707739,2.5,2.4981584255614373,0.0,-1.3397202060303458e-14,0.0,9.690428122722562e-15,-2.6653272073052525,-2.6576734369923303
5.919999999999542,7.209999999999771,7.115170202307066,0.8740000000001376,0.9763219188984676,2.5,2.5003786245860473,0.0,-1.3459865099347141e-14,0.0,9.708429636592271e-15,-2.6728670296738506,-2.666062003558573
5.929999999999518,7.214999999999759,7.121777605845471,0.8710000000001445,0.9718370927853772,2.5,2.5024704738323127,0.0,-1.3518657918742127e-14,0.0,9.73075993244481e-15,-2.680406852042448,-2.673909294929445
5.939999999999495,7.2199999999997475,7.128384505949765,0.8680000000001515,0.9673171355612836,2.5,2.504523368157559,0.0,-1.3585208151116123e-14,0.0,9.742692157704316e-15,-2.6879466744110463,-2.682379235947044
5.949999999999472,7.224999999999736,7.134800064989124,0.8650000000001585,0.9627118547968956,2.5,2.5066901172190237,0.0,-1.3664910769206041e-14,0.0,9.735998903206195e-15,-2.6954864967796444,-2.692117540200531
5.959999999999448,7.229999999999724,7.141170424021536,0.8620000000001655,0.9577977853916241,2.5,2.508805325182934,0.0,-1.374352983387355e-14,0.0,9.728443794476222e-15,-2.7030263191482424,-2.7017539922913834
5.969999999999425,7.2349999999997125,7.1474563550474075,0.8590000000001725,0.9527812249281037,2.5,2.5107339283464802,0.0,-1.3803065331419934e-14,0.0,9.744351344002214e-15,-2.71056614151684,-2.709501505890409
5.979999999999402,7.239999999999701,7.153613044176514,0.8560000000001795,0.9479016031876741,2.5,2.5124335366164683,0.0,-1.384004605862033e-14,0.0,9.789666771787852e-15,-2.718105963885438,-2.714981618367617
5.9899999999993785,7.244999999999689,7.15975500721873,0.8530000000001865,0.9431606937749624,2.5,2.5140830033875345,0.0,-1.3880953883763018e-14,0.0,9.82973901643971e-15,-2.725645786254036,-2.7208108996655342
5.999999999999355,7.249999999999678,7.165835473369398,0.8500000000001935,0.9385609945157253,2.5,2.515742701969216,0.0,-1.3934798983688274e-14,0.0,9.851942657985686e-15,-2.733185608622634,-2.7279183332923624
6.009999999999332,7.254999999999666,7.171865257048614,0.8470000000002005,0.9340286879258548,2.5,2.5173330947825385,0.0,-1.3990393422023647e-14,0.0,9.871395515026583e-15,-2.740725430991232,-2.7351846604045895
6.019999999999309,7.259999999999654,7.177946714353661,0.8440000000002075,0.9294692964358957,2.5,2.5188046115745433,0.0,-1.4053190742373337e-14,0.0,9.880358447635074e-15,-2.74826525335983,-2.7431618392832573
6.029999999999285,7.264999999999643,7.184048452041982,0.8410000000002145,0.9249407829194604,2.5,2.5201084776043836,0.0,-1.4124274812993495e-14,0.0,9.876907587571815e-15,-2.7558050757284276,-2.751987891171176
6.039999999999262,7.269999999999631,7.189956325037323,0.8380000000002215,0.9205695262264544,2.5,2.5212052827554823,0.0,-1.4199699678267391e-14,0.0,9.866754145197628e-15,-2.7633448980970257,-2.761265130553582
6.049999999999239,7.274999999999619,7.1956660431319355,0.8350000000002284,0.9162957835570814,2.5,2.5222213841370307,0.0,-1.4263209157139385e-14,0.0,9.873875037289303e-15,-2.7708847204656237,-2.7693609978089846
6.059999999999215,7.279999999999608,7.2014764578395365,0.8320000000002354,0.9120193738607316,2.5,2.523199224943237,0.0,-1.4316820859508206e-14,0.0,9.89496820115451e-15,-2.7784245428342214,-2.776526969659621
6.069999999999192,7.284999999999596,7.207455464804184,0.8290000000002423,0.9077407119309566,2.5,2.523903089394497,0.0,-1.4381836760836497e-14,0.0,9.89558091387832e-15,-2.7859643652028194,-2.7851244843608693
6.079999999999169,7.289999999999584,7.213372238767008,0.8260000000002493,0.9034586591409323,2.5,2.5244147110252744,0.0,-1.4437642401619255e-14,0.0,9.908583289470073e-15,-2.7935041875714175,-2.792922074692485
6.089999999999145,7.294999999999573,7.219122695770672,0.8230000000002563,0.8992099067311333,2.5,2.5249636549906325,0.0,-1.4469100795381117e-14,0.0,9.960661186087687e-15,-2.801044009940015,-2.7981599955084278
6.099999999999122,7.299999999999561,7.224559723119058,0.8200000000002633,0.8950273189697289,2.5,2.5254575059991042,0.0,-1.449105523130127e-14,0.0,1.0028686150598071e-14,-2.808583832308613,-2.8024214596579826
6.109999999999099,7.304999999999549,7.229801903614562,0.8170000000002703,0.8910063513847476,2.5,2.525782065347271,0.0,-1.4526687025257145e-14,0.0,1.0080806570057295e-14,-2.8161236546772113,-2.8078995227913626
6.1199999999990755,7.309999999999538,7.235243634241336,0.8140000000002773,0.8872597475207998,2.5,2.525762358355291,0.0,-1.457672631077617e-14,0.0,1.0116397989704234e-14,-2.823663477045809,-2.8146143913154753
6.129999999999052,7.314999999999526,7.240774836669991,0.8110000000002843,0.8836256460484797,2.5,2.525410131590034,0.0,-1.463933613924331e-14,0.0,1.013767924319272e-14,-2.831203299414407,-2.822398343432752
6.139999999999029,7.3199999999995145,7.246402432529503,0.8080000000002913,0.8799751454428715,2.5,2.524946724256885,0.0,-1.471526465803964e-14,0.0,1.0142966960127873e-14,-2.838743121783005,-2.8313878590595647
6.149999999999006,7.324999999999503,7.252128964953273,0.8050000000002983,0.8762897465866176,2.5,2.524361910984312,0.0,-1.4787074208078626e-14,0.0,1.0154240140955148e-14,-2.846282944151603,-2.840056612354702
6.159999999998982,7.329999999999491,7.257839350112033,0.8020000000003052,0.8726515457410724,2.5,2.523546502581254,0.0,-1.485696548075379e-14,0.0,1.0166363203645706e-14,-2.8538227665202007,-2.8486840016916406
6.169999999998959,7.3349999999994795,7.26361006940359,0.7990000000003122,0.869098162440624,2.5,2.5223815951843775,0.0,-1.492320576469385e-14,0.0,1.0180922904745664e-14,-2.861362588888799,-2.857070482639491
6.179999999998936,7.339999999999468,7.269341937293344,0.7960000000003192,0.865604985474812,2.5,2.520922940447675,0.0,-1.497769589993231e-14,0.0,1.0210664142296832e-14,-2.868902411257397,-2.8643277213609646
6.189999999998912,7.344999999999456,7.275137123129886,0.7930000000003262,0.8621106984220465,2.5,2.5192292893370394,0.0,-1.5025176444751326e-14,0.0,1.0248819474783156e-14,-2.8764422336259945,-2.8708890387649064
6.199999999998889,7.3499999999994445,7.281105264259984,0.7900000000003332,0.8585616205906818,2.5,2.5173225308060316,0.0,-1.5076830158191776e-14,0.0,1.0277758624737649e-14,-2.8839820559945926,-2.8778824694378833
6.209999999998866,7.354999999999433,7.28720303582485,0.7870000000003402,0.8548817679388586,2.5,2.515233865761351,0.0,-1.512366316832311e-14,0.0,1.031118705857865e-14,-2.8915218783631906,-2.8843791733204487
6.2199999999988425,7.359999999999421,7.293398967594387,0.7840000000003472,0.8510885688206632,2.5,2.5130995685229354,0.0,-1.5160949540099688e-14,0.0,1.0356409386071319e-14,-2.8990617007317887,-2.889922708723357
6.229999999998819,7.36499999999941,7.29950938226333,0.7810000000003542,0.8473391387949176,2.5,2.511108968565807,0.0,-1.5199576143979612e-14,0.0,1.0398071438902191e-14,-2.9066015231003863,-2.895597644569583
6.239999999998796,7.369999999999398,7.305593682780249,0.7780000000003612,0.8436120797114659,2.5,2.5092720565779274,0.0,-1.525132660651456e-14,0.0,1.0421127537839187e-14,-2.9141413454689844,-2.902446301564048
6.2499999999987725,7.374999999999386,7.311742496644081,0.7750000000003682,0.8399138557027837,2.5,2.507549936185772,0.0,-1.5330198269860864e-14,0.0,1.0404761984157981e-14,-2.9216811678375825,-2.911838106718162
6.259999999998749,7.379999999999375,7.317770904772887,0.7720000000003752,0.8361557711712758,2.5,2.505687472238332,0.0,-1.542046521837056e-14,0.0,1.0366353562855562e-14,-2.92922099020618,-2.9225102848875917
6.269999999998726,7.384999999999363,7.3237696896581435,0.7690000000003822,0.8322651403741109,2.5,2.503682407206527,0.0,-1.5496827026227508e-14,0.0,1.0345240902560055e-14,-2.936760812574778,-2.93186948376044
6.279999999998703,7.389999999999351,7.329721236588614,0.7660000000003891,0.8282238256942083,2.5,2.501721160577668,0.0,-1.5563358884206364e-14,0.0,1.033635477148227e-14,-2.9443006349433762,-2.940311293841474
6.289999999998679,7.39499999999934,7.335635956040222,0.7630000000003961,0.824070976030065,2.5,2.4998428469234635,0.0,-1.5631453746493473e-14,0.0,1.0321518057849434e-14,-2.951840457311974,-2.9490264815035245
6.299999999998656,7.399999999999328,7.341573584745979,0.7600000000004031,0.8199682153363276,2.5,2.4980362969803225,0.0,-1.5700207731658795e-14,0.0,1.0302448384717458e-14,-2.959380279680572,-2.9579211855335066
6.309999999998633,7.404999999999316,7.347480520970135,0.7570000000004101,0.8159479485210409,2.5,2.4961170649097513,0.0,-1.577042872673473e-14,0.0,1.0277784434928081e-14,-2.96692010204917,-2.967026810892272
6.319999999998609,7.409999999999305,7.353128871271834,0.7540000000004171,0.8119267815555548,2.5,2.4941343545515102,0.0,-1.583344854728745e-14,0.0,1.026181136971285e-14,-2.9744599244177676,-2.975434711216468
6.329999999998586,7.414999999999293,7.358455519211793,0.7510000000004241,0.8078034293240784,2.5,2.4922982422630287,0.0,-1.5888436074557888e-14,0.0,1.0257725445070796e-14,-2.9819997467863657,-2.9830177475726587
6.339999999998563,7.419999999999281,7.363694132537047,0.7480000000004312,0.8036087612834475,2.5,2.490561163676679,0.0,-1.592107210900387e-14,0.0,1.0288725126407496e-14,-2.9895395691549638,-2.9883362842636028
6.3499999999985395,7.42499999999927,7.368875892441332,0.7450000000004382,0.7993544768053695,2.5,2.4888323370724468,0.0,-1.593600653891039e-14,0.0,1.0347838547409202e-14,-2.9970793915235614,-2.9918384597018206
6.359999999998516,7.429999999999258,7.3740554526846935,0.7420000000004452,0.7950313508540371,2.5,2.4873070599808536,0.0,-1.597632211113429e-14,0.0,1.0368148271630097e-14,-3.0046192138921595,-2.9977676590012394
6.369999999998493,7.434999999999246,7.3793215751534795,0.7390000000004522,0.7907741730005703,2.5,2.4860235701747286,0.0,-1.6034629678939993e-14,0.0,1.0361322791445546e-14,-3.0121590362607575,-3.0054251599291444
6.37999999999847,7.439999999999235,7.384543217073192,0.7360000000004591,0.7865708096091911,2.5,2.4849172835696445,0.0,-1.610368129890882e-14,0.0,1.0338330612572533e-14,-3.019698858629355,-3.014140845774806
6.389999999998446,7.444999999999223,7.3897150941540355,0.7330000000004661,0.7823855417882094,2.5,2.483897114915086,0.0,-1.6181864267682807e-14,0.0,1.0301031126144018e-14,-3.0272386809979532,-3.0237877223910754
6.399999999998423,7.4499999999992115,7.395020902855055,0.730000000000473,0.7782785640704218,2.5,2.4828367876413937,0.0,-1.6259167514824022e-14,0.0,1.02644235079448e-14,-3.0347785033665513,-3.033408048715854
6.4099999999984,7.4549999999992,7.400432366614601,0.72700000000048,0.7743492280683192,2.5,2.4818839853468546,0.0,-1.634633969704391e-14,0.0,1.0212445530774743e-14,-3.042318325735149,-3.0440113645670097
6.419999999998376,7.459999999999188,7.405748702111898,0.724000000000487,0.770547390587143,2.5,2.4811332938599278,0.0,-1.643481568442583e-14,0.0,1.0158360959684597e-14,-3.049858148103747,-3.0548290215609835
6.429999999998353,7.4649999999991765,7.411066592554976,0.721000000000494,0.7667300095427328,2.5,2.4805947541764897,0.0,-1.6492184007910286e-14,0.0,1.0153019792690683e-14,-3.057397970472345,-3.0628399752882713
6.43999999999833,7.469999999999165,7.41653717061645,0.718000000000501,0.7628439583255646,2.5,2.480188632702957,0.0,-1.6508287230799685e-14,0.0,1.0212723501569368e-14,-3.0649377928409427,-3.0670953637461285
6.449999999998306,7.474999999999153,7.421956761817161,0.715000000000508,0.7589709855447717,2.5,2.479791834293849,0.0,-1.6502484609209904e-14,0.0,1.0308260679057044e-14,-3.0724776152095408,-3.0693463154539367
6.459999999998283,7.479999999999142,7.427264109121629,0.712000000000515,0.7552819807504831,2.5,2.479431649413424,0.0,-1.6491660951537676e-14,0.0,1.0413988282365806e-14,-3.080017437578139,-3.071154108647739
6.46999999999826,7.48499999999913,7.4325955012080325,0.709000000000522,0.751689754254706,2.5,2.479014055194249,0.0,-1.6487685731660466e-14,0.0,1.051073772950132e-14,-3.087557259946737,-3.073657419719286
6.4799999999982365,7.489999999999118,7.437919553565868,0.706000000000529,0.7480130540041976,2.5,2.4786693483519637,0.0,-1.651112070259369e-14,0.0,1.0566438560800639e-14,-3.095097082315335,-3.078812803378579
6.489999999998213,7.494999999999107,7.443035689031881,0.703000000000536,0.7442434710186117,2.5,2.4785080952341367,0.0,-1.6562878215170676e-14,0.0,1.0579457657048821e-14,-3.1026369046839326,-3.086754286364569
6.49999999999819,7.499999999999095,7.448017087712633,0.700000000000543,0.7404979808258095,2.5,2.4783985399893407,0.0,-1.663418323941764e-14,0.0,1.0562584805464065e-14,-3.1101767270525307,-3.0966678520218602
6.509999999998167,7.490000000001833,7.452942316368468,0.6830000000031168,0.7368761518588358,2.5,2.478235754131077,0.0,-1.6698139247455885e-14,0.0,1.0557601582762342e-14,-3.055513014891455,-3.1060072636127645
6.519999999998143,7.480000000001857,7.457354890900016,0.6660000000031564,0.733127728552256,2.5,2.4782047545401036,0.0,-1.6618400950077948e-14,0.0,1.0781968810567969e-14,-3.00084930271912,-3.101807032366531
6.52999999999812,7.47000000000188,7.4613991578902565,0.649000000003196,0.7284237848498589,2.5,2.47880299291573,0.0,-1.6279455173771222e-14,0.0,1.140542990350223e-14,-2.946185590546785,-3.0736269201764763
6.539999999998097,7.460000000001903,7.464693975194577,0.6320000000032356,0.7226977703473696,2.5,2.480035484804619,0.0,-1.57516332230893e-14,0.0,1.22441353453383e-14,-2.89152187837445,-3.0314364203978275
6.549999999998073,7.450000000001927,7.468684660511397,0.6150000000032753,0.7146906183534366,2.5,2.482159937320682,0.0,-1.519173205106683e-14,0.0,1.3057618173615576e-14,-2.836858166202115,-2.9895323711751782
6.55999999999805,7.44000000000195,7.472377991307494,0.5980000000033149,0.7065652244689817,2.5,2.483749251926453,0.0,-1.443693926936555e-14,0.0,1.4009330680745198e-14,-2.78219445402978,-2.936159411919091
6.569999999998027,7.430000000001973,7.473499320026458,0.5810000000033545,0.7014190751492582,2.5,2.4876666130251213,0.0,-1.346843353944566e-14,0.0,1.507414502144739e-14,-2.727530741857445,-2.8718328125516925
6.5799999999980034,7.4200000000019966,7.473835276186879,0.5640000000033941,0.6991833554704057,2.5,2.4939662684557438,0.0,-1.2418772825172465e-14,0.0,1.608027675070432e-14,-2.67286702968511,-2.806586776068262
6.58999999999798,7.41000000000202,7.474383408688482,0.5470000000034337,0.6981024169511962,2.5,2.49913837782063,0.0,-1.1385082749196518e-14,0.0,1.6948863176635508e-14,-2.618203317512775,-2.745786982207053
6.599999999997957,7.400000000002043,7.473846897250366,0.5300000000034734,0.6984731655695923,2.5,2.504077249498575,0.0,-1.0269339985334327e-14,0.0,1.7766884480889944e-14,-2.56353960534044,-2.682507937148262
6.6099999999979335,7.3900000000020665,7.472600248968824,0.513000000003513,0.700527768515305,2.5,2.5092451341398974,0.0,-9.113863228189008e-15,0.0,1.8498937859816885e-14,-2.508875893168105,-2.619932201748788
6.61999999999791,7.38000000000209,7.472123009600993,0.4960000000035526,0.7022845645730383,2.5,2.5146386506950846,0.0,-7.967566716425801e-15,0.0,1.9126950454485685e-14,-2.45421218099577,-2.5602571720537286
6.629999999997887,7.370000000002113,7.471929730404452,0.4790000000035922,0.7031897522950148,2.5,2.5195477170964558,0.0,-6.799723506864063e-15,0.0,1.9671856466962325e-14,-2.399548468823435,-2.501301101684578
6.639999999997864,7.360000000002136,7.47192501944254,0.46200000000363184,0.7024712204320525,2.5,2.5231981705509803,0.0,-5.649233704932608e-15,0.0,2.0124084481578943e-14,-2.3448847566511,-2.4446658454306833
6.64999999999784,7.35000000000216,7.472190681117112,0.44500000000367146,0.700712073286697,2.5,2.5267426093239798,0.0,-4.511475830181879e-15,0.0,2.049887794227258e-14,-2.290221044478765,-2.390000137273853
6.659999999997817,7.340000000002183,7.472451785884787,0.4280000000037111,0.6982922721577489,2.5,2.530977534894637,0.0,-3.3450825100735256e-15,0.0,2.0812291988844228e-14,-2.23555733230643,-2.334848081916696
6.669999999997794,7.330000000002206,7.473123153364293,0.4110000000037507,0.6939907032490082,2.5,2.5352080980015845,0.0,-2.2254188016517533e-15,0.0,2.1050440408787884e-14,-2.180893620134095,-2.2822325267065464
6.67999999999777,7.32000000000223,7.4743189214598065,0.3940000000037903,0.687181052844314,2.5,2.539073480988271,0.0,-1.0950456983209367e-15,0.0,2.1224727452855865e-14,-2.12622990796176,-2.2295531020950694
6.689999999997747,7.310000000002253,7.475133897019162,0.37700000000382994,0.6794425091696275,2.5,2.5423467427550794,0.0,6.478381273395716e-17,0.0,2.13355119148992e-14,-2.071566195789425,-2.1760519232450877
6.699999999997724,7.300000000002276,7.475656305058193,0.36000000000386956,0.6723543204925007,2.5,2.545398535950552,0.0,1.35905366634327e-15,0.0,2.137345174642768e-14,-2.01690248361709,-2.116053852398398
6.7099999999977005,7.2900000000022995,7.473282376825393,0.3430000000039092,0.6644269415094141,2.5,2.546743307503559,0.0,2.744282343073795e-15,0.0,2.131465930810804e-14,-1.962238771444755,-2.0519388938254313
6.719999999997677,7.280000000002323,7.468468257770954,0.3260000000039488,0.6557181381278152,2.5,2.545750670186664,0.0,4.003168244903427e-15,0.0,2.1181651086462355e-14,-1.90757505927242,-1.9932654266508691
6.729999999997654,7.270000000002346,7.464172276780648,0.3090000000039884,0.6474102956476169,2.5,2.544135365352526,0.0,5.133026074244788e-15,0.0,2.1002070553139496e-14,-1.852911347100085,-1.9402709161596035
6.7399999999976306,7.2600000000023694,7.458795091323247,0.29200000000402804,0.6395413945771978,2.5,2.5418067679106797,0.0,6.200573035739773e-15,0.0,2.0775716212056327e-14,-1.79824763492775,-1.889589715398789
6.749999999997607,7.250000000002393,7.453065016488351,0.27500000000406766,0.6323166984972497,2.5,2.5385707626655947,0.0,7.27036573210042e-15,0.0,2.0485671693837358e-14,-1.743583922755415,-1.8381375422729056
6.759999999997584,7.240000000002416,7.448567260490007,0.2580000000041073,0.6251190405439407,2.5,2.53620761687376,0.0,8.369713135527863e-15,0.0,2.0125143280792596e-14,-1.68892021058308,-1.7847170666651528
6.769999999997561,7.230000000002439,7.444380610535229,0.2410000000041469,0.6167156723828725,2.5,2.534933227597238,0.0,9.397839054257071e-15,0.0,1.9736859865152628e-14,-1.634256498410745,-1.7341039250669128
6.779999999997537,7.220000000002463,7.438881037831873,0.22400000000418652,0.6048910394353557,2.5,2.5340726611134374,0.0,1.04636302807025e-14,0.0,1.9268163749759073e-14,-1.57959278623841,-1.680580267139529
6.789999999997514,7.210000000002486,7.432688429569257,0.20700000000422614,0.5910847259059643,2.5,2.534322935413248,0.0,1.1585816311909329e-14,0.0,1.8700729651985955e-14,-1.524929074066075,-1.6229116798307512
6.799999999997491,7.200000000002509,7.427292865431049,0.19000000000426576,0.5783608520844623,2.5,2.5351700609089765,0.0,1.271667041659749e-14,0.0,1.8045778912569914e-14,-1.47026536189374,-1.5632438754874651
6.809999999997467,7.190000000002533,7.423058326347249,0.17300000000430538,0.5677549701178982,2.5,2.536695856474286,0.0,1.3858878181674205e-14,0.0,1.7292526238679183e-14,-1.415601649721405,-1.5010398933392228
6.819999999997444,7.180000000002556,7.4192590187477805,0.156000000004345,0.5581322067981034,2.5,2.539174600970715,0.0,1.4978131369880068e-14,0.0,1.645705537351064e-14,-1.36093793754907,-1.4379484960276863
6.829999999997421,7.170000000002579,7.415407860928767,0.13900000000438462,0.5483079064207481,2.5,2.542097130618092,0.0,1.6003986228646386e-14,0.0,1.5596616403245492e-14,-1.306274225376735,-1.3775723978807108
6.8399999999973975,7.1600000000026025,7.411896102281236,0.12200000000442424,0.5381349380366734,2.5,2.544966030068426,0.0,1.6800031894421437e-14,0.0,1.4865782715568406e-14,-1.2516105132044,-1.328339917932141
6.849999999997374,7.150000000002626,7.408299380260826,0.10500000000446386,0.5277239951920474,2.5,2.547245007725176,0.0,1.7476937565146813e-14,0.0,1.4194963139979444e-14,-1.196946801032065,-1.2848218655294146
6.859999999997351,7.140000000002649,7.403669625666471,0.08800000000450348,0.5181205487091092,2.5,2.5493811828452,0.0,1.8170683703764987e-14,0.0,1.343658090175042e-14,-1.14228308885973,-1.2381830811349288
6.869999999997328,7.130000000002672,7.398823595331525,0.0710000000045431,0.5093391588812974,2.5,2.551102849207825,0.0,1.8823071739620023e-14,0.0,1.2644051530808647e-14,-1.0876193766873947,-1.191409789544479
6.879999999997304,7.120000000002696,7.393907471082871,0.054000000004582716,0.5013818672594118,2.5,2.5513112511539577,0.0,1.942347627063051e-14,0.0,1.1843314103236601e-14,-1.0329556645150602,-1.1459756392359415
6.889999999997281,7.110000000002719,7.388043925734597,0.037000000004622335,0.4931751395150501,2.5,2.549815172987613,0.0,1.9891373891716998e-14,0.0,1.1181720742469724e-14,-0.9782919523427251,-1.1091011087302716
6.899999999997258,7.100000000002742,7.381843132054878,0.020000000004661955,0.4840280672650134,2.5,2.5484394700521724,0.0,2.0282744110066213e-14,0.0,1.0607659767154435e-14,-0.9236282401703901,-1.0772919655653053
6.909999999997234,7.090000000002766,7.373405858540525,0.003000000004701575,0.4746156532935776,2.5,2.548777345811301,0.0,2.076305180490414e-14,0.0,9.819504587379747e-15,-0.8689645279980551,-1.035394841840961
6.919999999997211,7.080000000002789,7.363232860699541,-0.013999999995258805,0.4667446896298837,2.5,2.552229444864132,0.0,2.118406560594421e-14,0.0,9.093104685631806e-15,-0.8143008158257201,-0.9967167394019966
6.929999999997188,7.070000000002812,7.355573288481618,-0.030999999995219185,0.46082496951306295,2.5,2.558079367505929,0.0,2.160117145392501e-14,0.0,8.29494223043316e-15,-0.7596371036533851,-0.9552503487704386
6.939999999997164,7.060000000002836,7.3496439607053725,-0.047999999995179565,0.45425155320881616,2.5,2.5651314323068064,0.0,2.206121381601539e-14,0.0,7.224027183402834e-15,-0.7049733914810501,-0.9021300906167878
6.949999999997141,7.050000000002859,7.350141705485594,-0.06499999999513995,0.44485604575267906,2.5,2.5719301528312655,0.0,2.252775823678449e-14,0.0,5.840691245771002e-15,-0.6503096793087151,-0.8364108931283908
6.959999999997118,7.040000000002882,7.3558894288649475,-0.08199999999510033,0.43467094443734094,2.5,2.5773471600504734,0.0,2.288116964862686e-14,0.0,4.49194479930668e-15,-0.5956459671363801,-0.7737847483664032
6.9699999999970945,7.0300000000029055,7.35938381919684,-0.0989999999950607,0.42633327794844844,2.5,2.582860183571647,0.0,2.3110561116479057e-14,0.0,3.3749889482017973e-15,-0.5409822549640451,-0.7221712014052099
6.979999999997071,7.020000000002929,7.359819793202824,-0.11599999999502109,0.41943715217669814,2.5,2.586693153631597,0.0,2.330463274148166e-14,0.0,1.892336577351223e-15,-0.48631854279171005,-0.6556695891628614
6.989999999997048,7.010000000002952,7.358598744769885,-0.13299999999498147,0.41132621985568196,2.5,2.5895602434707223,0.0,2.3395803398497184e-14,0.0,3.1859119574193167e-16,-0.43165483061937504,-0.5858163121300206
6.999999999997025,7.000000000002975,7.357041587603478,-0.14999999999494185,0.4004440667748382,2.5,2.5950202169591075,0.0,2.3393189791107817e-14,0.0,-9.718418641660629e-16,-0.37699111844704003,-0.5278362871892702
7.009999999997001,6.990000000002999,7.354830244863014,-0.16699999999490223,0.3888395739183079,2.5,2.6009487397160913,0.0,2.332362098118692e-14,0.0,-2.163930221313217e-15,-0.322327406274705,-0.47404833558720794
7.019999999996978,6.980000000003022,7.352204309067815,-0.1839999999948626,0.37861268990182095,2.5,2.6043343850832836,0.0,2.3182639002271424e-14,0.0,-3.3849372108035265e-15,-0.26766369410237,-0.41925518089665814
7.029999999996955,6.970000000003045,7.349577775182682,-0.200999999994823,0.37006755808861624,2.5,2.6065394097401566,0.0,2.2972713302619526e-14,0.0,-4.6037918366020805e-15,-0.212999981930035,-0.364320056044831
7.039999999996931,6.960000000003069,7.347548246678687,-0.21799999999478337,0.3609330757962457,2.5,2.609078567546287,0.0,2.266653325381453e-14,0.0,-5.923564753016116e-15,-0.1583362697577,-0.3042667769965196
7.049999999996908,6.950000000003092,7.34673840341607,-0.23499999999474375,0.34778320278176733,2.5,2.611012692953162,0.0,2.2259685563567448e-14,0.0,-7.291950844127273e-15,-0.10367255758536498,-0.24119122199608084
7.059999999996885,6.940000000003115,7.347982316791888,-0.2519999999947041,0.3331154821735021,2.5,2.612067218596181,0.0,2.1843519876859285e-14,0.0,-8.43758628772229e-15,-0.04900884541302997,-0.18720222126675753
7.0699999999968615,6.9300000000031385,7.3497575943180316,-0.2689999999946645,0.3198713538404066,2.5,2.6111822848993036,0.0,2.1419645177344798e-14,0.0,-9.442215722321232e-15,0.005654866759305044,-0.13893584383897015
7.079999999996838,6.920000000003162,7.350470248877564,-0.2859999999946249,0.30826956415145235,2.5,2.608488577346595,0.0,2.0878057908191085e-14,0.0,-1.0572178177159416e-14,0.060318578931640054,-0.0838992595027217
7.089999999996815,6.910000000003185,7.350555494190912,-0.30299999999458516,0.29874950509895415,2.5,2.603709024885297,0.0,2.0369672926616613e-14,0.0,-1.1503419567636022e-14,0.11498229110397507,-0.03748941434803405
7.0999999999967915,6.9000000000032085,7.347474240293033,-0.31999999999454554,0.29297980577456606,2.5,2.5978345604436983,0.0,1.9716653272570297e-14,0.0,-1.2564918940802079e-14,0.16964600327631008,0.01640215022574097
7.109999999996768,6.890000000003232,7.343108686583979,-0.3369999999945059,0.28817363232181914,2.5,2.592219940070588,0.0,1.8762508974345196e-14,0.0,-1.3928572912562246e-14,0.2243097154486451,0.0882229670991166
7.119999999996745,6.880000000003255,7.341368568997271,-0.3539999999944663,0.27941433470258287,2.5,2.5857110276038,0.0,1.7692352466744115e-14,0.0,-1.524965266373175e-14,0.2789734276209801,0.16144024278613311
7.129999999996722,6.870000000003278,7.3393952909990565,-0.3709999999944267,0.27022032596521134,2.5,2.578678610488351,0.0,1.6678537458590734e-14,0.0,-1.6338203798012125e-14,0.3336371397933151,0.22537699745077786
7.139999999996698,6.860000000003302,7.335183172462509,-0.38799999999438706,0.2625889510225571,2.5,2.571277017731824,0.0,1.577860492252324e-14,0.0,-1.7200893061851427e-14,0.3883008519656501,0.27913807950132463
7.149999999996675,6.850000000003325,7.329552947321095,-0.40499999999434744,0.25372544118400925,2.5,2.5641222521168237,0.0,1.5003618961290965e-14,0.0,-1.7870871029073663e-14,0.44296456413798513,0.3232251571809955
7.159999999996652,6.840000000003348,7.321900098981223,-0.4219999999943078,0.24262236696236236,2.5,2.5565543462708966,0.0,1.423556720930574e-14,0.0,-1.8480715907320154e-14,0.49762827631032014,0.36536257662225563
7.169999999996628,6.830000000003372,7.313360994994796,-0.4389999999942682,0.22982533255063062,2.5,2.5485553029082038,0.0,1.3504251051749238e-14,0.0,-1.9017370260882007e-14,0.5522919884826551,0.40438692825646144
7.179999999996605,6.820000000003395,7.304637922406967,-0.4559999999942286,0.21704280980552507,2.5,2.541510616450929,0.0,1.2792724065107859e-14,0.0,-1.9498952992594415e-14,0.6069557006549902,0.44172553956306293
7.189999999996582,6.810000000003418,7.296836671403461,-0.47299999999418896,0.2032796711615108,2.5,2.5363649356976925,0.0,1.1793747529346534e-14,0.0,-2.011262108976024e-14,0.6616194128273252,0.493184870418975
7.1999999999965585,6.8000000000034415,7.293019118095175,-0.48999999999414934,0.18875284495457698,2.5,2.53367477308469,0.0,1.1089508194961195e-14,0.0,-2.0491556094713086e-14,0.7162831249996602,0.5288953636954987
7.209999999996535,6.790000000003465,7.290731960661193,-0.5069999999941097,0.1748919631263915,2.5,2.531626884630295,0.0,1.0549874962416878e-14,0.0,-2.0747247329685275e-14,0.7709468371719952,0.5558225065639979
7.219999999996512,6.780000000003488,7.287695857325444,-0.5239999999940701,0.16182652779497927,2.5,2.527704267849269,0.0,9.214457521796645e-15,0.0,-2.135730178554135e-14,0.8256105493443302,0.6211305027626578
7.229999999996489,6.770000000003511,7.285294887099558,-0.5409999999940305,0.15030760489304143,2.5,2.5221025047635837,0.0,7.294566500149156e-15,0.0,-2.207737512413247e-14,0.8802742615166652,0.712753759470292
7.239999999996465,6.760000000003535,7.28184409754838,-0.5579999999939909,0.14035744132943054,2.5,2.516549330681162,0.0,5.694887581031446e-15,0.0,-2.252636338108911e-14,0.9349379736890002,0.7877140595055641
7.249999999996442,6.750000000003558,7.276883032010101,-0.5749999999939512,0.13239747632701257,2.5,2.5098866299573763,0.0,4.4015861471274456e-15,0.0,-2.279533513591141e-14,0.9896016858613352,0.8472512408895051
7.259999999996419,6.740000000003581,7.271482440179755,-0.5919999999939116,0.12608869666045605,2.5,2.5005006258207363,0.0,2.9867830119163264e-15,0.0,-2.301037175557281e-14,1.0442653980336702,0.9108333800684398
7.269999999996395,6.730000000003605,7.265806006405177,-0.608999999993872,0.11937377191977869,2.5,2.490245002509303,0.0,1.5452320415963205e-15,0.0,-2.3141352611910297e-14,1.0989291102060053,0.974721051301553
7.279999999996372,6.720000000003628,7.259756165325642,-0.6259999999938324,0.11215743411116434,2.5,2.4809056459345995,0.0,7.855754574232273e-17,0.0,-2.3179993428423305e-14,1.1535928223783403,1.0392007455048957
7.289999999996349,6.710000000003651,7.253081117506893,-0.6429999999937928,0.10522566553680941,2.5,2.4728851289861673,0.0,-1.3701387893540713e-15,0.0,-2.3122137011630044e-14,1.2082565345506753,1.1026460663933189
7.299999999996325,6.700000000003675,7.243964330384306,-0.6599999999937531,0.09884064285919984,2.5,2.466832303224872,0.0,-2.1672041585932482e-15,0.0,-2.303644199264603e-14,1.2629202467230103,1.1383635203733011
7.309999999996302,6.690000000003698,7.230878167663077,-0.6769999999937135,0.09175736007907412,2.5,2.4636380877638953,0.0,-2.6116802217734333e-15,0.0,-2.2954299134153905e-14,1.3175839588953453,1.1590043780993642
7.319999999996279,6.680000000003721,7.216935173633916,-0.6939999999936739,0.08418076623243616,2.5,2.4628759441783594,0.0,-3.0558726507933937e-15,0.0,-2.285139977572183e-14,1.3722476710676803,1.1796069065570343
7.3299999999962555,6.6700000000037445,7.202183861310889,-0.7109999999936343,0.07482342265249291,2.5,2.464156578788332,0.0,-3.587714122681591e-15,0.0,-2.271372749098885e-14,1.4269113832400153,1.2042795048189354
7.339999999996232,6.660000000003768,7.187298063080743,-0.7279999999935947,0.06535283826997677,2.5,2.467938525487065,0.0,-4.532813014329135e-15,0.0,-2.2473767910525845e-14,1.4815750954123503,1.2475018760581245
7.349999999996209,6.650000000003791,7.174397963771126,-0.744999999993555,0.05855272785011934,2.5,2.470545485582563,0.0,-5.5038227287932115e-15,0.0,-2.2189221760505498e-14,1.5362388075846853,1.2923966311883464
7.359999999996186,6.640000000003814,7.162708320971726,-0.7619999999935154,0.0522077817089627,2.5,2.4694790799783313,0.0,-6.481078551729133e-15,0.0,-2.1867044422288594e-14,1.5909025197570204,1.3383132681327665
7.369999999996162,6.630000000003838,7.151008673458522,-0.7789999999934758,0.04576180471746035,2.5,2.468415100724042,0.0,-7.461627124858903e-15,0.0,-2.1492111535798312e-14,1.6455662319293554,1.3848192228434766
7.379999999996139,6.620000000003861,7.13878944147532,-0.7959999999934362,0.039677792242780056,2.5,2.466734851356694,0.0,-8.728479294354577e-15,0.0,-2.095135178105872e-14,1.7002299441016904,1.4452445325968553
7.389999999996116,6.610000000003884,7.129307304124724,-0.8129999999933966,0.033633823378441396,2.5,2.4664957032922046,0.0,-1.0188354960065538e-14,0.0,-2.021982480850086e-14,1.7548936562740254,1.5162408377528385
7.399999999996092,6.600000000003908,7.120606861163077,-0.8299999999933569,0.027571397032019353,2.5,2.470631602360194,0.0,-1.1235133303635926e-14,0.0,-1.9580159155930797e-14,1.8095573684463604,1.5688687851499534
7.409999999996069,6.590000000003931,7.110118754254045,-0.8469999999933173,0.023122898185886063,2.5,2.474179790389303,0.0,-1.2213922611429698e-14,0.0,-1.891459169841602e-14,1.8642210806186954,1.6194017502300355
7.419999999996046,6.580000000003954,7.099024766446549,-0.8639999999932777,0.01798282017936734,2.5,2.4776244214674215,0.0,-1.33135066900542e-14,0.0,-1.809312801195175e-14,1.9188847927910304,1.6781489196636812
7.4299999999960225,6.5700000000039775,7.088485129862744,-0.8809999999932381,0.014128626617838386,2.5,2.483087271625711,0.0,-1.4386513340344624e-14,0.0,-1.71734688192974e-14,1.9735485049633654,1.7392223212095383
7.439999999995999,6.560000000004001,7.081323552287591,-0.8979999999931985,0.013388252720449415,2.5,2.4869478840461436,0.0,-1.527209108792086e-14,0.0,-1.6321555053391533e-14,2.0282122171357004,1.7923416542464607
7.449999999995976,6.550000000004024,7.075114003684381,-0.9149999999931588,0.01218649043964051,2.5,2.4888450301309835,0.0,-1.6109204599663253e-14,0.0,-1.543638816591019e-14,2.0828759293080354,1.8451700158327435
7.4599999999959525,6.5400000000040475,7.068054746241494,-0.9319999999931192,0.013167034539730822,2.5,2.491822225913095,0.0,-1.6833194348154034e-14,0.0,-1.45721251660446e-14,2.1375396414803705,1.8941072387934206
7.469999999995929,6.530000000004071,7.061380351121875,-0.9489999999930796,0.016635765850498863,2.5,2.496028904025139,0.0,-1.7550270167065846e-14,0.0,-1.3622434000941163e-14,2.1922033536527055,1.9456473306869637
7.479999999995906,6.520000000004094,7.055535909981128,-0.96599999999304,0.016053952144215004,2.5,2.497586777457781,0.0,-1.7829290142597296e-14,0.0,-1.3192341283547856e-14,2.2468670658250405,1.967086432103774
7.489999999995883,6.510000000004117,7.052219679243394,-0.9829999999930004,0.013715461970755195,2.5,2.495625681555983,0.0,-1.7851032711117752e-14,0.0,-1.3110804607879683e-14,2.3015307779973755,1.9694471968173544
7.499999999995859,6.500000000004141,7.051173270619879,-0.9999999999929607,0.012802881799573437,2.5,2.493274997831106,0.0,-1.8242886364339768e-14,0.0,-1.252266289273685e-14,2.3561944901697105,1.9998103226579225
7.509999999995836,6.495000000002082,7.050399643309924,-1.004999999997918,0.014249128088130645,2.5,2.4892628107050596,0.0,-1.8811565597489112e-14,0.0,-1.1620416893115487e-14,2.3483405085616407,2.0466240737002748
7.519999999995813,6.490000000002094,7.048338957621785,-1.0099999999979064,0.013775322028286414,2.5,2.484485953784553,0.0,-1.9115960339603847e-14,0.0,-1.107019757245968e-14,2.3404865269276844,2.074012675395616
7.529999999995789,6.485000000002105,7.0453132042605855,-1.0149999999978947,0.007277330179724573,2.5,2.4802814913375557,0.0,-1.9267222478397705e-14,0.0,-1.0751418931183519e-14,2.332632545293728,2.088955237691398
7.539999999995766,6.480000000002117,7.042195702576916,-1.019999999997883,-0.00025464858538248,2.5,2.474842581191767,0.0,-1.956708960272855e-14,0.0,-1.0139260130477287e-14,2.3247785636597724,2.119144868744776
7.549999999995743,6.475000000002129,7.037500065883171,-1.0249999999978714,-0.004734499343828437,2.5,2.47130779928848,0.0,-2.0069497602219967e-14,0.0,-9.039903169827454e-15,2.316924582025816,2.1729495728638155
7.5599999999957195,6.47000000000214,7.031753096785992,-1.0299999999978597,-0.0062458146655383386,2.5,2.473737666052263,0.0,-2.0648523636996144e-14,0.0,-7.504767992801227e-15,2.30907060039186,2.245618284819324
7.569999999995696,6.465000000002152,7.025470153377677,-1.034999999997848,-0.011314350099514935,2.5,2.4784878020137877,0.0,-2.1095673706705787e-14,0.0,-5.991347543255541e-15,2.3012166187579037,2.315089950238742
7.579999999995673,6.460000000002164,7.018607235872587,-1.0399999999978364,-0.01989235862452657,2.5,2.4827183696299935,0.0,-2.1320419445640685e-14,0.0,-4.979783008619262e-15,2.2933626371239475,2.3599801138311345
7.58999999999565,6.455000000002175,7.011023927235237,-1.0449999999978248,-0.02798742879709071,2.5,2.4878178499090997,0.0,-2.1361765182556917e-14,0.0,-4.6255349307748026e-15,2.2855086554899913,2.373652191989482
7.599999999995626,6.450000000002187,7.0031417400770515,-1.0499999999978131,-0.0351811030976486,2.5,2.493999713380973,0.0,-2.125244381063522e-14,0.0,-4.875848331725945e-15,2.277654673856035,2.358803378685308
7.609999999995603,6.4450000000021985,6.995272885499475,-1.0549999999978015,-0.04459488873151073,2.5,2.501844067354337,0.0,-2.1079086909093926e-14,0.0,-5.35817455915942e-15,2.269800692222079,2.332755133072481
7.61999999999558,6.44000000000221,6.986270742976316,-1.0599999999977898,-0.05682989217487625,2.5,2.508269570827476,0.0,-2.0933686465562953e-14,0.0,-5.729599126831112e-15,2.2619467105881226,2.3122706345940993
7.629999999995556,6.435000000002222,6.9766959490501,-1.0649999999977782,-0.06906304294838302,2.5,2.5130162539149254,0.0,-2.0811968659129568e-14,0.0,-6.012963106167943e-15,2.254092728954167,2.2962187267931684
7.639999999995533,6.4300000000022335,6.967684611413412,-1.0699999999977665,-0.08004050439522228,2.5,2.518085740948505,0.0,-2.0666370238068467e-14,0.0,-6.3667962782419035e-15,2.2462387473202106,2.276654726916273
7.64999999999551,6.425000000002245,6.960095663618348,-1.0749999999977549,-0.09047776990742576,2.5,2.522154861822304,0.0,-2.0569479995440248e-14,0.0,-6.570406283728676e-15,2.2383847656862543,2.2645187403051623
7.659999999995486,6.420000000002257,6.953454627456164,-1.0799999999977432,-0.10207420383892654,2.5,2.5258234214824915,0.0,-2.0575348375133533e-14,0.0,-6.46250546796576e-15,2.230530784052298,2.2676048442686727
7.669999999995463,6.415000000002268,6.94805505561513,-1.0849999999977316,-0.11410890034162868,2.5,2.531354317607432,0.0,-2.0604447174437445e-14,0.0,-6.2694575661225936e-15,2.222676802418342,2.274471855463871
7.67999999999544,6.41000000000228,6.944257860912851,-1.08999999999772,-0.1246888180415204,2.5,2.5377000180763845,0.0,-2.0637015996898775e-14,0.0,-6.054351550336166e-15,2.2148228207843856,2.282293834930431
7.6899999999954165,6.405000000002292,6.939383364345877,-1.0949999999977083,-0.13252714575104768,2.5,2.5459028998921633,0.0,-2.0666226133118173e-14,0.0,-5.830309268066974e-15,2.2069688391504294,2.290247703988098
7.699999999995393,6.400000000002303,6.932984387804238,-1.0999999999976966,-0.14190607150205192,2.5,2.557538382616341,0.0,-2.068175343480845e-14,0.0,-5.6326715556813816e-15,2.199114857516473,2.2964940408161088
7.70999999999537,6.395000000002315,6.928188087708028,-1.104999999997685,-0.15323011840507317,2.5,2.570142164867613,0.0,-2.0700296019726328e-14,0.0,-5.427868317693905e-15,2.1912608758825174,2.303187836943205
7.719999999995347,6.390000000002327,6.923777353492973,-1.1099999999976733,-0.16501275015416525,2.5,2.581564916048104,0.0,-2.0736688558214005e-14,0.0,-5.1711953379819054e-15,2.183406894248561,2.3128369032982143
7.729999999995323,6.385000000002338,6.918904737441967,-1.1149999999976616,-0.1772242170187163,2.5,2.5891362939847897,0.0,-2.0705291573331115e-14,0.0,-5.235789079067384e-15,2.175552912614605,2.3078247539781946
7.7399999999953,6.38000000000235,6.914853191638997,-1.11999999999765,-0.18920222783719862,2.5,2.593502955972294,0.0,-2.0586839334830252e-14,0.0,-5.670006930699756e-15,2.1676989309806487,2.285485233297556
7.749999999995277,6.375000000002362,6.909514248585288,-1.1249999999976383,-0.20271899752682732,2.5,2.597493576691382,0.0,-2.0375207671058074e-14,0.0,-6.371113983569357e-15,2.1598449493466925,2.2498652319585357
7.759999999995253,6.370000000002373,6.900950454385182,-1.1299999999976267,-0.2136807207727619,2.5,2.5979922654634557,0.0,-2.0159493056878852e-14,0.0,-7.025817176651532e-15,2.1519909677127362,2.216730107490176
7.76999999999523,6.365000000002385,6.888640671552469,-1.134999999997615,-0.2232306542154099,2.5,2.593429129835226,0.0,-2.0013587434475938e-14,0.0,-7.457886506119561e-15,2.14413698607878,2.1952016826924856
7.779999999995207,6.360000000002397,6.875386523800176,-1.1399999999976034,-0.23361904947015769,2.5,2.587750028408848,0.0,-1.9916251090802265e-14,0.0,-7.740712874281451e-15,2.1362830044448238,2.1810728420061594
7.789999999995183,6.355000000002408,6.863531193717152,-1.1449999999975917,-0.24556480452485185,2.5,2.581288479548328,0.0,-1.9823793308830057e-14,0.0,-8.001116005385527e-15,2.1284290228108675,2.1680452608567493
7.79999999999516,6.35000000000242,6.854271023904549,-1.14999999999758,-0.2616979588889365,2.5,2.5730911033002033,0.0,-1.9700109372926196e-14,0.0,-8.333876847038372e-15,2.1205750411769118,2.1515245804415226
7.809999999995137,6.345000000002432,6.8480169989057655,-1.1549999999975684,-0.2803990553299985,2.5,2.564654929204299,0.0,0.0016078438784177381,0.0,-0.0011520261786945982,2.1127210595429555,2.137748134980997
7.8199999999951135,6.340000000002443,6.845612444663282,-1.1599999999975568,-0.29947729866300415,2.5,2.5584633682962434,0.0,0.00668307394789651,0.0,-0.0050127427383027945,2.1048670779089993,2.1220345319187905
7.82999999999509,6.335000000002455,6.846195389473218,-1.164999999997545,-0.3184334414264833,2.5,2.553824347162521,0.0,0.011288545974640796,0.0,-0.008612765741799805,2.097013096275043,2.1072485761940265
7.839999999995067,6.3300000000024665,6.845562205644197,-1.1699999999975335,-0.3369989915689457,2.5,2.5483451982624867,0.0,0.015386092077227765,0.0,-0.011719829264655727,2.089159114641087,2.08562970791242
7.849999999995044,6.325000000002478,6.842225495739031,-1.1749999999975218,-0.3557931889970347,2.5,2.5414377905337395,0.0,0.01897016299692783,0.0,-0.014225267579971732,2.0813051330071306,2.0560689135286614
7.85999999999502,6.32000000000249,6.837547134230772,-1.1799999999975102,-0.37460031921834896,2.5,2.5346442358534302,0.0,0.02180430435992366,0.0,-0.016514303695735266,2.0734511513731744,2.0388694292846443
7.869999999994997,6.3150000000025015,6.833694680656479,-1.1849999999974985,-0.3938653499490484,2.5,2.528129440669774,0.0,0.023952204437895426,0.0,-0.018763422741292172,2.065597169739218,2.0367769112124336
7.879999999994974,6.310000000002513,6.83263650953608,-1.1899999999974868,-0.41246927865610805,2.5,2.5216336097874645,0.0,0.025601633994190385,0.0,-0.02086041631552995,2.0577431881052624,2.040874464181364
7.88999999999495,6.305000000002525,6.832500632092854,-1.1949999999974752,-0.42995732406183285,2.5,2.51548313884357,0.0,0.02704779322604962,0.0,-0.02259457217798992,2.049889206471306,2.040648466735858
7.899999999994927,6.3000000000025365,6.83087082257236,-1.1999999999974635,-0.4479356055480669,2.5,2.5102801636431087,0.0,0.028575809307080844,0.0,-0.023760593566463404,2.04203522483735,2.0270037631814537
7.909999999994904,6.295000000002548,6.826540296645291,-1.2049999999974519,-0.4672041999286868,2.5,2.505658315597571,0.0,0.02994470122257395,0.0,-0.024784206486121618,2.0341812432033937,2.0138075702440252
7.9199999999948805,6.29000000000256,6.821427161608145,-1.2099999999974402,-0.486012765537375,2.5,2.5012772603876323,0.0,0.031011194265555615,0.0,-0.025878481876562876,2.0263272615694374,2.0076772508549237
7.929999999994857,6.285000000002571,6.816297271734561,-1.2149999999974286,-0.5037660174344614,2.5,2.496637167330273,0.0,0.03193039423937885,0.0,-0.02690774045660273,2.018473279935481,2.0031925758943854
7.939999999994834,6.280000000002583,6.8103118223079875,-1.219999999997417,-0.5216873700923111,2.5,2.490409395034586,0.0,0.032415643235209145,0.0,-0.028177650325262513,2.010619298301525,2.0102032123284617
7.9499999999948106,6.275000000002595,6.802737696693642,-1.2249999999974053,-0.5392297832212737,2.5,2.484543969570341,0.0,0.032768361061895936,0.0,-0.029321421132140677,2.0027653166675687,2.0175283256840397
7.959999999994787,6.270000000002606,6.793431734265421,-1.2299999999973936,-0.5567718394640742,2.5,2.480342081117114,0.0,0.03322744436333621,0.0,-0.03015917343816246,1.9949113350336127,2.0182971271703263
7.969999999994764,6.265000000002618,6.784403186410183,-1.234999999997382,-0.5746262508960698,2.5,2.4767530604604953,0.0,0.03374836804948055,0.0,-0.03080298477086696,1.9870573533996565,2.0152662713395735
7.979999999994741,6.26000000000263,6.775297047371423,-1.2399999999973703,-0.592080259545286,2.5,2.4725168984874544,0.0,0.0344889969817458,0.0,-0.031093495199495003,1.9792033717657005,2.0036227669820774
7.989999999994717,6.255000000002641,6.765705777050277,-1.2449999999973587,-0.6089760089903745,2.5,2.4673996872037036,0.0,0.03517856639120675,0.0,-0.03131079875775011,1.9713493901317443,1.9919962272829272
7.999999999994694,6.250000000002653,6.756761210958075,-1.249999999997347,-0.6254489749009229,2.5,2.461977658611542,0.0,0.03584438089949641,0.0,-0.03142766265006497,1.963495408497788,1.9796208588845992
8.00999999999467,6.245000000002665,6.748821439519836,-1.2549999999973354,-0.6416500698712004,2.5,2.455812868193985,0.0,0.03640923631766159,0.0,-0.03153948110839443,1.9556414268638318,1.9690460254431497
8.019999999994647,6.240000000002676,6.742034510593471,-1.2599999999973237,-0.6577041458543925,2.5,2.4492917084782047,0.0,0.036819898727629925,0.0,-0.031715598768896076,1.9477874452298756,1.9620883914574165
8.029999999994624,6.235000000002688,6.73691942012172,-1.264999999997312,-0.6743126025375138,2.5,2.4444556628478296,0.0,0.03693272047302382,0.0,-0.03214966437917908,1.9399334635959193,1.9635307409585452
8.0399999999946,6.2300000000027,6.732994564554979,-1.2699999999973004,-0.690888593194314,2.5,2.441231998311405,0.0,0.03675259274416279,0.0,-0.03286630146936423,1.9320794819619633,1.9734587603437965
8.049999999994577,6.225000000002711,6.72774023016316,-1.2749999999972887,-0.7065583832427833,2.5,2.439291160389278,0.0,0.03657590469569854,0.0,-0.03353764712585075,1.924225500328007,1.9827547227560132
8.059999999994554,6.220000000002723,6.721551766790383,-1.279999999997277,-0.7215127866013066,2.5,2.4383423803357154,0.0,0.03662965427484056,0.0,-0.033938515581665975,1.9163715186940509,1.9849379062638792
8.06999999999453,6.215000000002735,6.715729239603796,-1.2849999999972654,-0.7356149530509424,2.5,2.4375911289715804,0.0,0.036965110172139284,0.0,-0.03402361382311637,1.9085175370600949,1.9786998376299716
8.079999999994508,6.210000000002746,6.709619325255154,-1.2899999999972538,-0.7492056868615331,2.5,2.4380936638768946,0.0,0.03774232943684336,0.0,-0.03361107198999659,1.9006635554261386,1.959309764680673
8.089999999994484,6.205000000002758,6.703465045628819,-1.2949999999972421,-0.7626247182439979,2.5,2.4392308945814998,0.0,0.03872435529897054,0.0,-0.032923921956948834,1.8928095737921824,1.9332981884020546
8.099999999994461,6.2000000000027695,6.6965823695431865,-1.2999999999972305,-0.7754777284297364,2.5,2.439152451282707,0.0,0.039616640761958324,0.0,-0.03229313091220726,1.8849555921582262,1.9094222700419203
8.109999999994438,6.195000000002781,6.687724532846853,-1.3049999999972188,-0.787902704044359,2.5,2.43861535890213,0.0,0.04042200775674043,0.0,-0.0317255896563441,1.87710161052427,1.8877129592400868
8.119999999994414,6.190000000002793,6.677786517699207,-1.3099999999972072,-0.8003812994382834,2.5,2.43831339200163,0.0,0.04083672036483999,0.0,-0.0316310081101871,1.869247628890314,1.8780268669554825
8.129999999994391,6.1850000000028045,6.668455395485801,-1.3149999999971955,-0.8129212159184991,2.5,2.437185714152637,0.0,0.0408346035456033,0.0,-0.03206202074603306,1.8613936472563577,1.8813986233679052
8.139999999994368,6.180000000002816,6.659712647781982,-1.3199999999971839,-0.8268815840244828,2.5,2.4355509885539908,0.0,0.040821943639705496,0.0,-0.032487790298662896,1.8535396656224015,1.8849064446334172
8.149999999994344,6.175000000002828,6.650383562552063,-1.3249999999971722,-0.8418515651746884,2.5,2.435504350711932,0.0,0.04112811317194795,0.0,-0.0324982941350117,1.8456856839884455,1.878459397598046
8.159999999994321,6.170000000002839,6.639616015360795,-1.3299999999971606,-0.8573046685315884,2.5,2.440085813482133,0.0,0.04175763147005307,0.0,-0.032071058134108585,1.8378317023544892,1.8617744147103188
8.169999999994298,6.165000000002851,6.628270799043025,-1.334999999997149,-0.872697414912033,2.5,2.4479246657100115,0.0,0.04263564475845311,0.0,-0.03123212114247147,1.829977720720533,1.8363961156154638
8.179999999994275,6.160000000002863,6.617445009238421,-1.3399999999971373,-0.887614583901046,2.5,2.4552906073258565,0.0,0.04338484391331076,0.0,-0.030469064258796183,1.8221237390865768,1.8140213787563377
8.189999999994251,6.155000000002874,6.607009500112788,-1.3449999999971256,-0.9034812449941438,2.5,2.4616734969470215,0.0,0.04380128859076157,0.0,-0.030113135087397963,1.8142697574526205,1.8018639596356711
8.199999999994228,6.150000000002886,6.596800164075694,-1.349999999997114,-0.9192713553657322,2.5,2.46755927355561,0.0,0.04400716388453106,0.0,-0.030025377330874507,1.8064157758186643,1.7963570505131343
8.209999999994205,6.145000000002898,6.586775408354923,-1.3549999999971023,-0.9346215036556909,2.5,2.473158974338985,0.0,0.0443595750960144,0.0,-0.029691782150479937,1.7985617941847083,1.7857029826257333
8.219999999994181,6.140000000002909,6.577096425085116,-1.3599999999970906,-0.9496873299154459,2.5,2.478393917948764,0.0,0.04476077536607594,0.0,-0.02925201024852311,1.790707812550752,1.7730710405618595
8.229999999994158,6.135000000002921,6.567951369232285,-1.364999999997079,-0.9643186186548561,2.5,2.4829444732000736,0.0,0.04489524627009395,0.0,-0.029195764792215636,1.782853830916796,1.7693261472122406
8.239999999994135,6.130000000002933,6.559155849894028,-1.3699999999970673,-0.9790939040644173,2.5,2.4872211227697543,0.0,0.04480925706775092,0.0,-0.029463504961739218,1.7749998492828398,1.773012993220393
8.249999999994111,6.125000000002944,6.550413682809658,-1.3749999999970557,-0.9942004113496775,2.5,2.4910132678546835,0.0,0.044760321289707944,0.0,-0.02966158874134549,1.7671458676488836,1.7753376104547463
8.259999999994088,6.120000000002956,6.541163015148467,-1.379999999997044,-1.0094160312768958,2.5,2.4937893022126465,0.0,0.044858403192707286,0.0,-0.029628491170839755,1.7592918860149274,1.7726348848251785
8.269999999994065,6.115000000002968,6.53119675380093,-1.3849999999970324,-1.0239811306338726,2.5,2.496543324592845,0.0,0.04514225858546804,0.0,-0.02930401999481576,1.7514379043809711,1.7635679639196926
8.279999999994041,6.110000000002979,6.521077306554871,-1.3899999999970207,-1.0374108443232521,2.5,2.4998619802164233,0.0,0.04557986382484999,0.0,-0.028722324400845916,1.743583922747015,1.7490078237435482
8.289999999994018,6.105000000002991,6.511478788441871,-1.394999999997009,-1.0501795251265937,2.5,2.5038545629134017,0.0,0.04597209640146898,0.0,-0.028186703668873336,1.7357299411130587,1.7357011756144196
8.299999999993995,6.100000000003003,6.502186993568021,-1.3999999999969974,-1.0628510750450157,2.5,2.5084570971552678,0.0,0.04622238895235488,0.0,-0.02786219043513131,1.7278759594791027,1.727196202641446
8.309999999993972,6.095000000003014,6.49267999950792,-1.4049999999969858,-1.0755252703075258,2.5,2.5126866163549897,0.0,0.04641431358487021,0.0,-0.02762103815421614,1.7200219778451464,1.720656619553371
8.319999999993948,6.090000000003026,6.483179131085003,-1.4099999999969741,-1.088248761581595,2.5,2.5160277087708587,0.0,0.04654012414430871,0.0,-0.027482025147359854,1.7121679962111904,1.7164308227670952
8.329999999993925,6.0850000000030375,6.473595218635996,-1.4149999999969625,-1.101550361866588,2.5,2.5195140753205005,0.0,0.04665519042871608,0.0,-0.027354929554827354,1.7043140145772342,1.7125478611045442
8.339999999993902,6.080000000003049,6.46322937470511,-1.4199999999969508,-1.1152242935773093,2.5,2.5227996182172387,0.0,0.04688043627716721,0.0,-0.02703095380473285,1.696460032943278,1.7045488983365888
8.349999999993878,6.075000000003061,6.453003040563883,-1.4249999999969392,-1.129449868863328,2.5,2.524909950722059,0.0,0.047160268446566726,0.0,-0.026600412825266144,1.6886060513093217,1.69437959074507
8.359999999993855,6.0700000000030725,6.443633401236483,-1.4299999999969275,-1.143912378856049,2.5,2.5266838119379873,0.0,0.047532552516588236,0.0,-0.025988172131151337,1.6807520696753655,1.680478062963292
8.369999999993832,6.065000000003084,6.43457337398127,-1.4349999999969159,-1.1574837894097691,2.5,2.528192310163757,0.0,0.0478133144015725,0.0,-0.025524804271985987,1.6728980880414093,1.6698232168256977
8.379999999993808,6.060000000003096,6.425475733067212,-1.4399999999969042,-1.1706713531566995,2.5,2.5291492381343135,0.0,0.0479442788211486,0.0,-0.0253336002996233,1.6650441064074533,1.6649155229155364
8.389999999993785,6.0550000000031075,6.415943895815738,-1.4449999999968925,-1.1836807767631128,2.5,2.529905216426403,0.0,0.04798724953864376,0.0,-0.0253068742092768,1.657190124773497,1.6634562660697239
8.399999999993762,6.050000000003119,6.406200627095136,-1.449999999996881,-1.1961682178640043,2.5,2.5303631410401723,0.0,0.04799073495549834,0.0,-0.025354517579695063,1.649336143139541,1.6635548348849558
8.409999999993738,6.045000000003131,6.395580249239189,-1.4549999999968692,-1.2088954582367128,2.5,2.5303642943545963,0.0,0.048000837696678296,0.0,-0.02538938977865381,1.6414821615055848,1.6633905185578297
8.419999999993715,6.040000000003142,6.384431128973199,-1.4599999999968576,-1.2219343705762038,2.5,2.5302849110351695,0.0,0.04814975513754403,0.0,-0.025159642461076905,1.6336281798716286,1.657731812741113
8.429999999993692,6.035000000003154,6.37408818252599,-1.464999999996846,-1.23468899509652,2.5,2.530075538796787,0.0,0.0484671232954734,0.0,-0.024596389420658168,1.6257741982376723,1.645205842857884
8.439999999993669,6.030000000003166,6.364252846258413,-1.4699999999968343,-1.247056710701323,2.5,2.530029944746104,0.0,0.04880631734132531,0.0,-0.02396967533501627,1.617920216603716,1.6314684403009074
8.449999999993645,6.025000000003177,6.354307421823485,-1.4749999999968226,-1.2587475024756904,2.5,2.530080135569352,0.0,0.04907652739394886,0.0,-0.023464847599671792,1.6100662349697599,1.6203079870616408
8.459999999993622,6.020000000003189,6.344266787753348,-1.479999999996811,-1.269540851152268,2.5,2.5297503369206473,0.0,0.04928408211418248,0.0,-0.02307875964239911,1.6022122533358036,1.6116224969186639
8.469999999993599,6.015000000003201,6.33427970289246,-1.4849999999967993,-1.2796196564397615,2.5,2.5296071444122425,0.0,0.04947540971437085,0.0,-0.022718216962868965,1.5943582717018476,1.6034985298634814
8.479999999993575,6.010000000003212,6.324003493589641,-1.4899999999967877,-1.289738014599699,2.5,2.5295328837845865,0.0,0.049709121454799415,0.0,-0.022254607811965563,1.5865042900678914,1.5933378306199586
8.489999999993552,6.005000000003224,6.313339073321361,-1.494999999996776,-1.2999573140707812,2.5,2.5292851752167578,0.0,0.05000940994081234,0.0,-0.021623541750112753,1.5786503084339354,1.5798828820245805
8.499999999993529,6.000000000003236,6.30272183210392,-1.4999999999967644,-1.3097145601688795,2.5,2.52898378026333,0.0,0.05026024696606467,0.0,-0.02108562329213187,1.5707963267999792,1.5683679924059077
